:020000040800F2
:10000000B046002045010008093B000829330008DC
:10001000053B0008A30A0008454A0008000000004C
:100020000000000000000000000000000D4000087B
:10003000AD0E000800000000E13F00080F4000087E
:100040005F0100085F0100085F0100085F01000810
:100050005F0100085F0100085F0100085F01000800
:100060005F0100085F0100085F0100085F010008F0
:100070005F0100085F010008410E0008510E0008F2
:10008000610E0008710E00085F0100085F010008A2
:100090005F0100085F0100085F0100085F010008C0
:1000A0005F0100085F0100085F0100085F010008B0
:1000B0005F0100085F0100085F0100085F010008A0
:1000C0005F0100085F0100085F0100085F01000890
:1000D0005F01000865490008D54900085F01000874
:1000E0005F0100085F0100085F0100085F01000870
:1000F0005F0100085F0100085F0100085F01000860
:100100005F0100085F0100085F0100085F0100084F
:100110005F0100085F0100085F0100085F0100083F
:100120005F0100085F0100085F0100085F0100082F
:10013000DFF80CD000F0F4FB00480047D96C000851
:10014000B04600200648804706480047FEE7FEE725
:10015000FEE7FEE7FEE7FEE7FEE7FEE7FEE7FEE777
:100160007D40000831010008202A04DB203A21FAF2
:1001700002F00021704721FA02F3D040C2F12002C0
:100180009140084319467047D2B201E000F8012BB4
:10019000491EFBD270470022F6E710B513460A4607
:1001A00004461946FFF7F0FF204610BD421E12F824
:1001B000013F002BFBD111F8013B02F8013B002B62
:1001C000F9D1704710B5044604E00B7800F8013B04
:1001D00003B1491C521EF8D2204610BD2DE9F05F34
:1001E00093460F4680460446002605F075FED0F87B
:1001F0000090824614F8015B2DB100F0BBF9006855
:10020000405DC007F6D12B2D02D02D2D1AD0641ED3
:100210000021CAF800105A463946204600F0AEF9CF
:10022000014627B13868A04201D1C7F80080DAF84A
:100230000000022809D0CAF80090700505D5484290
:10024000BDE8F09F46F48066E2E70846F8E72DE94E
:10025000FE4F81EA030404F0004421F000410094C1
:100260004FF0000B23F0004350EA01045ED052EA45
:1002700003045BD0C3F30A54C1F30A552C44A4F21F
:10028000F3340194A0FB0254C1F3130141F4801133
:10029000C3F3130343F4801301FB024400FB034E3A
:1002A000840A970A44EA815447EA8357A4FB076803
:1002B00002958D0A05FB07854FEA932C04FB0C542D
:1002C0002705029D4FEA065847EA1637B5EB0805A1
:1002D0006EEB070C870E920E47EA811742EA8312F3
:1002E000A7FB0201B6EB0B0164EB00042B0D43EA04
:1002F0000C335E1844EB1C50DA465146E7FB020112
:10030000C5F313044FEA0B3343EA14534FEA0432A4
:10031000019C43EA0603A4F10C040294009CCDE97D
:1003200000B400F0C0F903B0BDE8F08F0020014632
:10033000F9E72DE9F04D81EA030404F0004B21F0C8
:10034000004514464FF0000A23F0004150EA050230
:1003500020D054EA01021DD0C5F30A570246C5F366
:100360001303C1F31300C1F30A5640F4801543F49C
:100370008013A7EB0608101BD64608F2FD3873EB76
:10038000050002D308F1010801E092185B41B8F1C1
:10039000000F03DA00200146BDE8F08D00204FF485
:1003A0008011064684460EE0171B73EB050705D344
:1003B000121B63EB050306434CEA010C49084FEAA4
:1003C000300092185B4150EA0107EDD152EA030078
:1003D00012D082EA040083EA0501084305D0101B0D
:1003E000AB4106D20122002306E000224FF0004379
:1003F00002E06FF0010253101AEB06004CEB0851BB
:1004000010EB0A0041EB0B01BDE8F04D00F03CB9E8
:100410000EB5C10F80EAE0700844CA07002140F21F
:1004200033438DE80E000A460B4600F03CF903B05A
:1004300000BD70B5C1F30A5201F000450024C1F3BC
:10044000130140F2FF3341F480119A4201DA002097
:1004500070BD40F233439A42A2F2334203DC52426F
:10046000FFF782FE00E090402C43F1D0404270BD87
:1004700000F0004230F000400AD0C10D01F560717B
:10048000C0F3160042EA0151C20840071143704709
:1004900000200146704701F0004330B421F00041D4
:1004A00050EA010206D00A0DA2F56072C1F31301F1
:1004B000002A02DC30BC00207047440F44EAC1042B
:1004C000C100E01830BC00EBC25000F0A6B800003C
:1004D000002801DBC0F10040002901DBC1F100412F
:1004E0008842704730B50B46014600202022012487
:1004F00009E021FA02F59D4205D303FA02F5491BF2
:1005000004FA02F52844151EA2F10102F1DC30BD07
:100510002DE9F05F0546002092469B468846064638
:10052000814640241BE02846414647462246FFF7C5
:100530001BFE53465A46C01A914110D31146184625
:10054000224600F0FFF92D1A67EB01084F462246BC
:100550000120002100F0F6F917EB00094E41201EA2
:10056000A4F10104DFDC484631462A464346BDE893
:10057000F09F000000487047EC8E00082DE9F05F06
:1005800082460078002715468B460AF10104B946D9
:10059000302801D09DB113E014F8010B0127782811
:1005A00003D0582801D045B10AE00DB1102D07D174
:1005B0000027102514F8010B02E0082500E00A25A9
:1005C0000026B0460EE005FB080005FB06F10127FA
:1005D00001EB10461FFA80F8B6F5803F00D3B9460C
:1005E00014F8010B294600F0CEF90028EBDABBF134
:1005F000000F05D00FB1641E00E05446CBF8004058
:10060000B9F1000F06D005F067FC02210160C81E99
:10061000BDE8F09F48EA0640FAE70029A8BF704706
:10062000401C490008BF20F00100704710B4B0FA28
:1006300080FC00FA0CF050EA010404BF10BC7047C3
:1006400049B1CCF1200421FA04F411FA0CF118BFDD
:10065000012121430843A3EB0C01CB1D4FEA0061AC
:100660004FEA102042BF002010BC704700EBC3507F
:1006700010440029A4BF10BC7047401C490008BFAB
:1006800020F0010010BC704710B5141E73F1000477
:1006900008DA401C41F1000192185B411A4301D174
:1006A00020F0010010BD2DE9F04D92469B4611B19E
:1006B000B1FA81F202E0B0FA80F22032904600F006
:1006C00041F904460F4640EA0A0041EA0B0153464D
:1006D0005A46084313D0114653EA010019D0C8F115
:1006E00040025046FFF740FD05460E46504659462B
:1006F000424600F027F9084305D0012004E02046D7
:100700003946BDE8F08D0020054346EAE0762C43EB
:1007100037430A986305E40AA0EB08000022FD0AAB
:1007200044EA47540A3002D500200146E9E70105B2
:1007300010196941DDE9084500196941BDE8F04D2E
:10074000A2E72DE9FE4F804681EA0300C00F0C4668
:10075000009021F0004123F00045B8EB0200A941D0
:1007600005D24046214690461C460B46024623F0E1
:100770000040104347D0270DC7F30A00C3F30A51C6
:100780000290401A019040286BDAC3F3130040F442
:10079000801B0098924620B10023D2EB030A63EB42
:1007A0000B0B01985946C0F14002504600F0CAF8C0
:1007B00006460D4650465946019A00F0D2F810EB15
:1007C00008006141002487EA115284EAE7731A4362
:1007D00040D0009A62B3019A012A4FEA075215DC11
:1007E000001B61EB02014FF0004202EA0752CDE923
:1007F0000042001C41F5801132462B46FFF753FFA3
:1008000003B0BDE8F08F40462146F9E7001B61EBDD
:100810000201001C41F5801300185B412018A2F56D
:10082000001747EB030140EAD570B6196D4111E09E
:100830006D084FEA360645EAC0754FEA0752001BBD
:1008400061EB0201001C41F5801149084FEA3000BC
:100850000019514132462B4603B0BDE8F04FFFF777
:1008600013BF0098012240000023D0EB020263EB8B
:10087000E073009821464FEAE074B8EB000061EBAA
:100880000401E9E783F000435BE781F0004158E7AA
:1008900070B521F0004303430CD0C1F30A55002486
:1008A000D5EB040564EB0403D617AD1AB34102DBA4
:1008B0000020014670BD201841EB025170BDC1F30C
:1008C0000A52C1F3130140F2FF3341F480119A42FE
:1008D00002DA00200146704740F233439A42A2F206
:1008E000334202DC5242FFF73FBC00F02BB800005D
:1008F00030B5041E71F1000404DB4FF000444042A7
:1009000064EB0101141E73F1000405DB1C464FF07B
:100910000043524263EB0403994208BF904230BD4A
:10092000064C074D06E0E06840F0010394E807003C
:1009300098471034AC42F6D3FFF7FEFBF08E000868
:10094000108F0008202A04DB203A00FA02F1002070
:1009500070479140C2F1200320FA03F319439040FD
:100960007047202A06DBCB17203A41FA02F043EA0F
:10097000E07306E041FA02F3D040C2F12002914058
:100980000843194670473A2800D2303820F0200238
:10099000412A01D3A2F13700884201D34FF0FF3042
:1009A00070472DE9F04D00231A461B1A8A4103DBDC
:1009B00000200146BDE8F08DC1F30A52C1F31301D6
:1009C00041F480154FF0000BD10702D100186D41A2
:1009D000521E0027044640F2FF11384601EB620A1E
:1009E0003E468046024600204FF48011FFF7BCFBD4
:1009F000C2197141BB1846EB0100B4EB030C75EB57
:100A0000000C04D3E41A65EB000517460E462419C2
:100A100008F101006D4180463428E3DDF91946EB09
:100A20000600091BA84103D24FF0FF32134601E034
:100A3000002213461BEB070046EB0A51BDE8F04DC0
:100A4000FFF722BE70B58D1810F8014B14F00302A9
:100A500001D110F8012B231106D110F8013B03E05E
:100A600010F8016B01F8016B521EF9D1ABB110F80F
:100A7000012B04F00C048A1A0C2C03D0A2EB841274
:100A80009B1C08E010F8014BA2EB0422F8E712F8D7
:100A9000014B01F8014B5B1EF9D5A942D4D30020CC
:100AA00070BD00BFFEE700001FB500200090019060
:100AB000029003900024202000900020019001204B
:100AC00002906946064800F085FD2021044800F0A8
:100AD00021FF00B900E00124204604B010BD000051
:100AE000000801401FB50020009001900290039083
:100AF00000244020009000200190012002906946CF
:100B0000064800F067FD4021044800F003FF00B9EB
:100B100000E00124204604B010BD000000080140A0
:100B20001FB5044600200090019002900390202001
:100B3000009001200190002002900320039069465C
:100B4000074800F047FD2CB900222021044800F09E
:100B5000F3FE04E001222021014800F0EDFE1FBD5C
:100B6000000801401FB5044600200090019002904B
:100B7000039040200090012001900020029003206B
:100B800003906946074800F025FD2CB9002240215A
:100B9000044800F0D1FE04E001224021014800F0A9
:100BA000CBFE1FBD0008014070B5002400250020C9
:100BB000FFF7B6FF122000F0F9FC012220212A489D
:100BC00000F0BAFE142000F073F9FFF76DFF142057
:100BD00000F06EF92021244800F09CFE002828D166
:100BE00003E0012000F064F9002420211E4800F0F9
:100BF00091FE08B9642CF4DB002404E0012000F02D
:100C000057F9601CC4B22021174800F083FE012868
:100C100001D1642CF2DB0024002505E000F08CF803
:100C200012494855681CC5B2052DF7DB322000F08B
:100C30003FF90E4800780D49497808440B498978F6
:100C400008440A49C978461808480079B04208D1D2
:100C5000064800780549C8710846807888710120E7
:100C600070BD0020FCE70000000801401B3C002094
:100C700070B5002400250020FFF774FF122000F05B
:100C800095FC012240212A4800F056FE142000F075
:100C90000FF9FFF727FF142000F00AF9402124483C
:100CA00000F038FE002828D103E0012000F000F910
:100CB000002440211E4800F02DFE08B9642CF4DB0E
:100CC000002404E0012000F0F3F8601CC4B24021CD
:100CD000174800F01FFE012801D1642CF2DB00242C
:100CE000002505E000F066F812494855681CC5B2B9
:100CF000052DF7DB322000F0DBF80E4800780D49B7
:100D0000497808440B49897808440A49C978461843
:100D100008480079B04208D1064800780549C871F2
:100D2000084680788871012070BD0020FCE7000033
:100D300000080140233C00202DE9F0410025002758
:100D40000024002600BF2DE004E0012000F0B0F8F0
:100D5000601CC4B22021164800F0DCFD08B9642CE8
:100D6000F3DB0024282000F0A3F82021104800F035
:100D7000D1FD012801D1012700E0002704E0012076
:100D800000F096F8601CC4B22021094800F0C2FDB2
:100D9000012801D1642CF2DB00246806050E3D43D6
:100DA000701CC6B2082ECFDB2846BDE8F0810000DB
:100DB000000801402DE9F04100250027002400260D
:100DC00000BF2DE004E0012000F072F8601CC4B206
:100DD0004021164800F09EFD08B9642CF3DB002486
:100DE000282000F065F84021104800F093FD01280C
:100DF00001D1012700E0002704E0012000F058F8AD
:100E0000601CC4B24021094800F084FD012801D1D2
:100E1000642CF2DB00246806050E3D43701CC6B24C
:100E2000082ECFDB2846BDE8F08100000008014015
:100E300010B503F0A5FA10BD10B503F0B3FA10BD5C
:100E400010B5024800F052F910BD0000E04100204A
:100E500010B5024800F04AF910BD00009C41002086
:100E600010B5024800F042F910BD000024420020F5
:100E700010B5024800F03AF910BD000068420020A9
:100E800030B590F840500124AC40C56B6C600468EC
:100E900063604468102C04D10468A2600468E160B7
:100EA00003E00468A1600468E26030BD70470000A0
:100EB00070B504464FF6FF70001B401F85B209480D
:100EC00000684562074801F03FFC03E00548006800
:100ED000406A85B24FF6FA708542F7DB014801F0AF
:100EE00075FC70BD7C40002072B600BFFEE7014675
:100EF000002291F82100022808D00420886300BF56
:100F0000002081F8200000BF0120704708680068B9
:100F100020F00E000B6818600868006820F00100DF
:100F20000B68186091F8403001209840CB6B5860F6
:100F3000012081F8210000BF002081F8200000BFBF
:100F40001046E2E770B50446002594F82100022817
:100F500003D00420A0630125C1E02068006820F0D0
:100F60000E00216808602068006820F001002168F8
:100F700008605C492068884252D95A49783920680B
:100F8000884201D1012047E05649643920688842EF
:100F900001D1102040E0534950392068884201D1E6
:100FA000801539E04F493C392068884201D18014CE
:100FB00032E04C4928392068884202D14FF4803011
:100FC0002AE0484914392068884202D14FF4801041
:100FD00022E044492068884201D140041CE0424993
:100FE0002068884201D1012016E03F491431206871
:100FF000884201D110200FE03B4928312068884207
:1010000001D1801508E038493C312068884201D17F
:10101000801401E04FF480303349091F086051E02B
:10102000304978392068884201D1012047E02D49B4
:1010300064392068884201D1102040E029495039A4
:101040002068884201D1801539E026493C39206862
:10105000884201D1801432E0224928392068884230
:1010600002D14FF480302AE01E49143920688842AA
:1010700002D14FF4801022E01A492068884201D141
:1010800040041CE018492068884201D1012016E084
:10109000154914312068884201D110200FE012490F
:1010A00028312068884201D1801508E00E493C3182
:1010B0002068884201D1801401E04FF48030094952
:1010C00080394860012084F8210000BF002084F8A6
:1010D000200000BF606B10B12046616B8847284636
:1010E00070BD0000800002400804024070B5044654
:1010F000E06B05682068066894F84010042088407A
:101100002840002875D006F004000028FAD0206896
:10111000006800F0200028B92068006820F0040072
:1011200021680860D5492068884254D9D349783964
:101130002068884201D1042049E0D0496439206800
:10114000884201D1402042E0CC4950392068884291
:1011500001D100153BE0C9493C392068884202D1E1
:101160004FF4804033E0C54928392068884202D1D5
:101170004FF480202BE0C14914392068884202D105
:101180004FF4800023E0BD492068884201D1C004AB
:101190001DE0BB492068884201D1042017E0B8490E
:1011A00014312068884201D1402010E0B449283130
:1011B0002068884201D1001509E0B1493C3120681E
:1011C000884202D14FF4804001E04FF48020AC49C6
:1011D000091F086054E0A94978392068884201D184
:1011E00004204AE0A54964392068884202D14020A1
:1011F00043E04CE0A14950392068884201D10015F4
:101200003BE09E493C392068884202D14FF480403F
:1012100033E09A4928392068884202D14FF480206F
:101220002BE0964914392068884202D14FF480009F
:1012300023E092492068884201D1C0041DE0904912
:101240002068884201D1042017E08D4914312068BC
:10125000884201D1402010E0894928312068884225
:1012600001D1001509E086493C312068884202D14D
:101270004FF4804001E04FF480208049803948607D
:10128000E06A002802D02046E16A8847F4E094F83A
:101290004010022088402840002871D006F002004B
:1012A0000028FAD02068006800F0200040B92068CB
:1012B000006820F00A0021680860012084F82100FD
:1012C0006E492068884254D96C4978392068884230
:1012D00001D1022049E0694964392068884201D17E
:1012E000202042E0654950392068884201D14015EC
:1012F0003BE062493C392068884202D14FF40050FB
:1013000033E05E4928392068884202D14FF400302A
:101310002BE05A4914392068884202D14FF400105A
:1013200023E056492068884201D180041DE05449D9
:101330002068884201D1022017E051491431206809
:10134000884201D1202010E04D4928312068884290
:1013500001D1401509E04A493C312068884202D158
:101360004FF4005001E04FF400304549091F086078
:1013700054E0424978392068884202D102204AE08C
:1013800057E03E4964392068884201D1202042E07C
:101390003A4950392068884201D140153BE037492D
:1013A0003C392068884202D14FF4005033E0334981
:1013B00028392068884202D14FF400302BE02F49B1
:1013C00014392068884202D14FF4001023E02B49E1
:1013D0002068884201D180041DE0294920688842A4
:1013E00001D1022017E0264914312068884201D13A
:1013F000202010E0224928312068884201D1401580
:1014000009E01F493C312068884202D14FF4005066
:1014100001E04FF4003019498039486000BF0020D6
:1014200084F8200000BFA06A30B32046A16A884734
:1014300022E094F84010082088402840E0B106F0EF
:101440000800C8B12068006820F00E00216808601C
:1014500094F8401001208840E16B48600120A063AF
:1014600084F8210000BF002084F8200000BF206B1A
:1014700010B12046216B884770BD000080000240FB
:10148000080402400146002209B9012070471E4BA2
:10149000086898420BD21D4B0868C01A1423B0FB91
:1014A000F3F08000086419480838C8630AE0164B56
:1014B0000868C01A1423B0FBF3F0800008641248D7
:1014C0000838C863022081F821000868026843F6E2
:1014D000F0708243D1E901031843CB6818430B69CC
:1014E00018434B6918438B691843CB69184302436F
:1014F0000868026000208863012081F82100002034
:1015000081F8200000BFC1E7080402400800024043
:101510002DE9F04104460D4616461F464FF00008DF
:1015200000BF94F82000012802D10220BDE8F0811C
:10153000012084F8200000BF94F8210001282CD15C
:10154000022084F821000020A0632068006820F0B9
:101550000100216808603B46324629462046FFF7D5
:101560008FFCE06A30B12068006840F00E0021680E
:1015700008600BE02068006820F004002168086023
:101580002068006840F00A00216808602068006850
:1015900040F001002168086006E000BF002084F8E8
:1015A000200000BF4FF002084046BFE770B5044678
:1015B00000F0C8F906462546681C10B104480078BA
:1015C000054400BF00F0BEF9801BA842FAD370BDED
:1015D000E03C00202DE9F847024600239C467BE1D1
:1015E0004FF0010808FA03F4D1F8008008EA04007B
:1015F000A0427DD1DFF8F4A2D1F80480A8EB0A095B
:10160000D0453AD014DCB8F1030F50D009DCB8F162
:10161000000F31D0B8F1010F1CD0B8F1020F49D141
:1016200020E0B8F1110F18D0B8F1120F42D11EE02E
:10163000B9F5881F25D006DCB9F5803F20D0B9F573
:10164000801F37D11AE0B9F5001F18D0B9F5041F73
:1016500030D117E0D1F80CC02DE0D1F80C8008F1A2
:10166000040C28E0D1F80C8008F1080C23E0D1F834
:101670000C8008F10C0C1EE000BF00BF00BF00BFD3
:1016800000BF00BFD1F80880B8F1000F02D14FF0C1
:10169000040C0BE0D1F80880B8F1010F03D14FF032
:1016A000080C146102E04FF0080C546103E04FF0A5
:1016B000000C00E000BF00BFFF2801D8904601E009
:1016C00002F104084646FF2802D84FEA830803E0E7
:1016D000A3F108084FEA88084746D6F800804FF083
:1016E0000F0909FA07F928EA09080CFA07F900E0D6
:1016F0007AE048EA0908C6F80080D1F8048008F0CA
:101700008058B8F1805F6FD100BFDFF8E481D8F86E
:10171000188048F00108DFF8D891C9F81880C84649
:10172000D8F8188008F00108CDF8008000BF00BF8D
:101730004FEAB9384FEA930958F829504FEA8378AD
:101740004FEA18794FF00F0808FA09F825EA08055A
:10175000DFF8A081424502D14FF0000824E0DFF815
:101760009881424502D14FF001081DE0DFF88C81DD
:10177000424502D14FF0020816E0DFF8848142456D
:1017800002D14FF003080FE0DFF87881424502D123
:101790004FF0040808E0DFF87081424502D14FF0B5
:1017A000050801E04FF006084FEA83794FEA1979FE
:1017B00008FA09F848EA0505DFF850814FEA93096D
:1017C00048F82950D1F8048008F48018B8F5801F33
:1017D0000BD1DFF83C81D8F8008048EA0008DFF838
:1017E0003091C9F800800AE075E0DFF82481D8F86C
:1017F000008028EA0008DFF81891C9F80080D1F8C5
:10180000048008F40018B8F5001F0ED1DFF800813D
:1018100008F10408D8F8008048EA0008DFF8F090E2
:1018200009F10409C9F800800DE0DFF8E48008F14F
:101830000408D8F8008028EA0008DFF8D49009F1FD
:101840000409C9F80080D1F8048008F40038B8F51C
:10185000003F0ED1DFF8B880A8F10408D8F8008066
:1018600048EA0008DFF8A890A9F10409C9F8008047
:101870000DE0DFF89C80A8F10408D8F8008028EA81
:101880000008DFF88C90A9F10409C9F80080D1F8AC
:10189000048008F48038B8F5803F0ED1DFF87080FE
:1018A000A8F10808D8F8008048EA0008DFF860903E
:1018B000A9F10809C9F800800DE0DFF85480A8F10B
:1018C0000808D8F8008028EA0008DFF84490A9F159
:1018D0000809C9F800805B1CD1F8008028FA03F8D9
:1018E000B8F1000F7FF47CAEBDE8F887000011105E
:1018F0000010024000080140000C014000100140AF
:101900000014014000180140001C01400800014083
:1019100008040140024693680B400BB1012000E02F
:101920000020704710B5C26821EA020302EA0104F0
:1019300043EA0443036110BD0AB1016101E00B04F5
:10194000036170470148006870470000D83C0020E0
:1019500070B504460CB9012070BD94F83D0028B95B
:10196000002084F83C00204600F08CF9242084F804
:101970003D002068006820F00100216808602068B0
:10198000006840F40040216808602068006820F486
:1019900000402168086000F04DFB05465C49606826
:1019A000884206D85B48854201D2012007E000202A
:1019B00005E05948854201D2012000E000200128BD
:1019C00000D1C9E75548B5FBF0F62068406820F023
:1019D0003F003043216848604D496068884201D823
:1019E000701C07E04FF4967070434FF47A71B0FBAF
:1019F000F1F0401C2168096A21F03F010843216889
:101A0000086243496068884214D8681E61684900CA
:101A1000B0FBF1F0401CC0F30B00042801D20420FD
:101A20003DE0681E61684900B0FBF1F0401CC0F366
:101A30000B0034E0A06838B9681E616801EB410111
:101A4000B0FBF1F0401C0AE0681E616801EBC102C6
:101A500002EB0111B0FBF1F0401C40F48040C0F3F8
:101A60000B0008B901201AE0A06848B9681E616837
:101A700001EB4101B0FBF1F0401CC0F30B000CE0A6
:101A8000681E616801EBC10202EB0111B0FBF1F0CD
:101A9000401CC0F30B0040F4804040F4004021683B
:101AA000C9694CF6FF72914308432168C861D4E9C3
:101AB000070108432168096821F0C0010843216833
:101AC0000860D4E9031008432168896848F2FF32AE
:101AD0009143084321688860D4E9050108432168DF
:101AE000C96821F0FF0108432168C86020680068C8
:101AF00040F001002168086000202064202084F864
:101B00003D000020206384F83E0000BF24E7000071
:101B1000A086010080841E0000093D0040420F00A5
:101B20002DE9FC5F04460F4690469946DDE90CAB73
:101B30000E9EFFF707FF054694F83D0020287DD153
:101B4000192301224D492046009501F0B2FC10B145
:101B50000220BDE8FC9F00BF94F83C00012801D1A1
:101B60000220F6E7012084F83C0000BF20680068EE
:101B700000F0010028B92068006840F001002168E9
:101B800008602068006820F4006021680860212057
:101B900084F83D00402084F83E0000202064C4F812
:101BA00024A0A4F82AB0608D20853548E0624B4619
:101BB000424639462046CDE9006501F0D7FB08B121
:101BC0000120C6E731E02A463146204601F04DFDAE
:101BD00050B1206C042805D12068006840F40070E2
:101BE000216808600120B4E7606A00782168086114
:101BF000606A401C6062208D401E2085608D401E02
:101C0000608520684069C0F3800070B1208D60B1AC
:101C1000606A007821680861606A401C6062208DFB
:101C2000401E2085608D401E6085208D0028CAD111
:101C30002A463146204601F009FC00E01CE050B184
:101C4000206C042805D12068006840F400702168E9
:101C5000086001207DE72068006840F4007021687A
:101C60000860202084F83D00002084F83E0000BF7A
:101C700084F83C0000BF6CE702206AE70200100015
:101C80000000FFFF10B586B00446002002900390CC
:101C90000490059015492068884225D100BF14485A
:101CA000806940F00800124988610846806900F0A8
:101CB0000800019000BF00BFC020029012200390D6
:101CC0000320059002A90B48FFF784FC00BF0848D9
:101CD000C06940F400100649C8610846C06900F4B4
:101CE0000010019000BF00BF06B010BD00540040BE
:101CF00000100240000C01400348006803490978C5
:101D00000844014908607047D83C0020E03C0020AE
:101D100010B50848006840F010000649086003202C
:101D200000F0A8F80F2000F007F800F02BF80020D2
:101D300010BD00000020024070B504460E48007837
:101D40004FF47A71B1FBF0F00C490968B1FBF0F582
:101D5000284600F0F9FB08B1012070BD102C07D215
:101D600000222146501E00F047F80548046001E0BB
:101D70000120F2E70020F0E7E03C0020E43C0020F6
:101D8000DC3C002008B500BF1148806940F001002C
:101D90000F4988610846806900F00100009000BF8B
:101DA00000BF00BF0846C06940F08050C8610846C7
:101DB000C06900F08050009000BF00BF00BF05491F
:101DC000486820F0E06040F00070486000BF08BD47
:101DD000001002400000014001460846002809DBCF
:101DE00000F01F0301229A4043099B0003F1E02306
:101DF000C3F8002100BF70472DE9F05F80460D4613
:101E00001646002704F04CF8074639462A46334662
:101E100001F00700C0F1070ABAF1040F02D94FF030
:101E2000040A01E0C0F1070AD14600F1040ABAF140
:101E3000070F02D24FF0000A01E0A0F1030AD446D6
:101E40004FF0010A0AFA09FAAAF1010A0AEA020A9B
:101E50000AFA0CFA4FF0010B0BFA0CFBABF1010B79
:101E60000BEA030B4AEA0B042146404604F020F833
:101E7000BDE8F09F00BF00F00702064B19684FF65F
:101E8000FF031940044B0B4343EA0221014B196045
:101E900000BF70470CED00E00000FA0570B5044685
:101EA0000D460CB9012070BD5A48006800F00700CB
:101EB000A8420ED25748006820F007002843554931
:101EC00008600846006800F00700A84201D0012021
:101ED000E9E7207800F0020002281DD1207800F008
:101EE0000400042805D14C48406840F4E0604A49A9
:101EF0004860207800F00800082805D1464840686E
:101F000040F46050444948604348406820F0F00085
:101F1000A168084340494860207800F0010078B388
:101F20006068012806D13C48006800F4003090B990
:101F30000120B8E76068022806D13748006800F041
:101F4000007040B90120AEE73348006800F002009D
:101F500008B90120A7E73048406820F00300616815
:101F600008432D494860FFF7EDFC064609E0FFF7FE
:101F7000E9FC801B41F28831884202D9032092E7B4
:101F800007E02548406800F00C006168B0EB810F65
:101F9000EDD12048006800F00700A8420ED91D4886
:101FA000006820F0070028431A49086008460068C6
:101FB00000F00700A84201D0012074E7207800F06B
:101FC0000400042807D11448406820F4E060E16868
:101FD000084311494860207800F00800082808D11B
:101FE0000D48406820F46050216940EAC1000A4968
:101FF000486000F03FF808494968C1F30311074AF7
:10200000515CC8400649086006480068FFF794FE26
:10201000002048E70020024000100240BE8D00086A
:10202000E43C0020DC3C00200148006870470000D0
:10203000E43C002000B5FFF7F7FF04494968C1F30D
:102040000221034A515CC84000BD0000001002405C
:10205000CE8D000800B5FFF7E7FF04494968C1F3DA
:10206000C221034A515CC84000BD0000001002407C
:10207000CE8D000870B5002100220024002300202E
:10208000134D696801F00C05F5B1042D02D0082D3F
:1020900019D101E00F4819E00F4DC1F38346AB5D44
:1020A00001F4803555B10A4D6D68C5F340450B4EBE
:1020B000725D084D5D43B5FBF2F402E0084D03FB91
:1020C00005F4204602E000BF024800BF00BF70BD1B
:1020D0000010024000127A00AC8D0008BC8D000890
:1020E00000093D00F8B504460CB90120F8BD207880
:1020F00000F00100002878D0F848406800F00C009B
:1021000004280CD0F548406800F00C00082811D1D4
:10211000F248406800F48030B0F5803F0AD1EF48C3
:10212000006800F4003000285FD0606800285CD1AF
:102130000120DBE700BF6068B0F5803F06D1E748CB
:10214000006840F48030E549086028E0606858B9CC
:10215000E248006820F48030E049086008460068E2
:1021600020F4802008601AE06068B0F5A02F0BD141
:10217000DA48006840F48020D849086008460068C2
:1021800040F4803008600AE0D448006820F48030D1
:10219000D24908600846006820F48020086000BF2B
:1021A000606888B1FFF7CEFB054606E0FFF7CAFB83
:1021B000401B642801D9032098E7C848006800F450
:1021C00000300028F2D010E0FFF7BCFB054606E027
:1021D000FFF7B8FB401B642801D9032086E7BF48FE
:1021E000006800F400300028F2D1207800F00200EE
:1021F000022857D1B948406800F00C0050B1B748E8
:10220000406800F00C00082818D1B448406800F479
:10221000803098B9B148006800F0020020B1206910
:10222000012801D0012061E7AC48006820F0F800E7
:10223000616940EAC100A949086033E02069E8B15A
:102240000120A7490860FFF77DFB054606E0FFF780
:1022500079FB401B022801D9032047E79F4800680B
:1022600000F002000028F2D09C48006820F0F8003E
:10227000616940EAC1009949086013E0002098496B
:102280000860FFF75FFB054606E0FFF75BFB401BBE
:10229000022801D9032029E79048006800F00200D5
:1022A0000028F2D1207800F0080008282DD1A0697C
:1022B000B8B101208B490860FFF744FB054606E0F2
:1022C000FFF740FB401B022801D903200EE783489B
:1022D000406A00F002000028F2D0012001F082FEE6
:1022E00013E000207F490860FFF72CFB054606E05D
:1022F000FFF728FB401B022801D90320F6E67748A8
:10230000406A00F002000028F2D1207800F00400BA
:10231000042873D100277148C06900F0805070B95B
:1023200000BF6E48C06940F080506C49C8610846E3
:10233000C06900F08050009000BF00BF01276A48CC
:10234000006800F48070B0B96748006840F480709D
:1023500065490860FFF7F6FA054606E0FFF7F2FA6E
:10236000401B642801D90320C0E65F48006800F4E0
:1023700080700028F2D000BFE068012806D15748DD
:10238000006A40F001005549086227E0E06858B94A
:102390005248006A20F00100504908620846006A6D
:1023A00020F00400086219E0E06805280BD14B48D2
:1023B000006A40F00400494908620846006A40F09B
:1023C000010008620AE04548006A20F00100434924
:1023D00008620846006A20F00400086200BFE06856
:1023E000A0B1FFF7AFFA054609E0FFF7ABFA401BD3
:1023F00041F28831884202D9032077E622E037484B
:10240000006A00F002000028EFD012E0FFF79AFA0D
:10241000054608E0FFF796FA401B41F288318842F2
:1024200001D9032062E62D48006A00F0020000286E
:10243000F0D1012F05D12948C06920F080502749EB
:10244000C86100BFE069C8B32448406800F00C00D0
:10245000082860D0E069022848D100202049086699
:10246000FFF770FA054606E0FFF76CFA401B0228FA
:1024700001D903203AE61948006800F000700028EE
:10248000F2D1206AB0F5803F07D11448406820F4AB
:102490000030A168084311494860D4E908010843A5
:1024A0000E49496821F4741108430C494860012021
:1024B0000B490866FFF746FA054607E03DE0FFF7DF
:1024C00041FA401B022801D903200FE603480068A7
:1024D00000F000700028F2D02FE000000010024051
:1024E0000000424280044242007000400020144933
:1024F0000866FFF727FA054606E0FFF723FA401BB8
:10250000022801D90320F1E50E48006800F00070B0
:102510000028F2D111E0E069012800D1E6E5094880
:10252000466806F48031206A814204D106F47011B5
:10253000606A814201D00120D8E50020D6E5000084
:10254000000042420010024070B504462546681E55
:10255000B0F1807F01D301200FE0681E4FF0E02131
:1025600048610F214FF0FF3003F0A2FC00204FF034
:10257000E021886107200861002070BD10B5034686
:10258000002200BF93F83C00012801D1022010BDB9
:10259000012083F83C0000BF22F0FF00CC6840EA35
:1025A000040222F440708C6840EA040222F4806045
:1025B0004C6840EA040222F400600C6840EA04021D
:1025C00022F480500C6940EA040222F400504C6965
:1025D00040EA040222F48040CC6940EA0402186810
:1025E000426400BF002083F83C0000BF00BFCEE77C
:1025F00030B502460B4600BF92F83C00012801D1DD
:10260000022030BD012082F83C0000BF022082F889
:102610003D00106844681068816824F070041868F0
:10262000044310684460144D1068A84213D0134D41
:102630001068A8420FD01068B0F1804F0BD0104D39
:102640001068A84207D00F4D1068A84203D00E4D65
:102650001068A84205D121F0800158680143106834
:102660008160012082F83D0000BF002082F83C001C
:1026700000BF00BFC5E70000002C0140003401404E
:102680000004004000080040000C004010B5044663
:102690000CB9012010BD94F83D0028B9002084F841
:1026A0003C00204600F026F8022084F83D00211D61
:1026B000206801F0E5FC012084F8460000BF84F8A2
:1026C0003E0001213F200155402001554120015588
:1026D00000BF00BF012084F8420043200155442080
:1026E00001554520015500BF012084F83D00002020
:1026F000D0E7000008B5124A016891420DD100BF31
:102700001049896941F400610E4A91611146896955
:1027100001F40061009100BF11E00168B1F1804F48
:102720000DD100BF0749C96941F00101054AD161D6
:102730001146C96901F00101009100BF00BF08BD49
:10274000002C014000100240014691F83D00012894
:1027500001D001207047022081F83D00164B086827
:10276000984213D0154B086898420FD00868B0F112
:10277000804F0BD0124B0868984207D0114B086865
:10278000984203D0104B086898420CD108688068C2
:1027900000F00702062A0CD00868006840F001002B
:1027A0000B68186005E00868006840F001000B68DD
:1027B00018600020CEE70000002C014000340140EA
:1027C0000004004000080040000C0040014600BF2B
:1027D0000868006A41F21112104050B90868006A96
:1027E0009210104028B90868006820F001000A68BB
:1027F000106000BF012081F83D00002070472DE9E6
:10280000F04104460D46002700BF94F83C00012823
:1028100002D10220BDE8F081012084F83C0000BF15
:10282000022084F83D002068866826F0770626F4AA
:102830007F46206886602868502833D00CDC20282A
:1028400050D004DC00284BD0102851D149E030286A
:1028500049D040284CD139E060282DD0702807D0CD
:10286000B0F5805F03D0B0F5005F41D10DE041E0ED
:10287000D5E902136A68206801F069FC206886685F
:1028800046F077062068866034E0D5E902136A686E
:10289000206801F05CFC2068806840F4804021687A
:1028A000886027E0EA686968206801F041FD5021EE
:1028B000206801F057FC1DE0EA686968206801F0B3
:1028C0004AFD6021206801F04DFC13E0EA68696868
:1028D000206801F02DFD4021206801F043FC09E053
:1028E00000BF00BF00BF2968206801F03BFC01E089
:1028F000012700BF00BF012084F83D0000BF002079
:1029000084F83C0000BF384684E7000010B586B06C
:10291000044600200290039004900590144920681A
:10292000884222D100BF1348806940F0400011491D
:1029300088610846806900F04000019000BF00BF38
:102940004FF42060029002200390059002A90A48EB
:10295000FEF740FE00BF0949486820F0C00040F083
:10296000E06040F0C000486000BF06B010BD00004D
:10297000002C0140001002400018014000000140FE
:102980002DE9F04104460D461646002700BF94F895
:102990003C00012802D10220BDE8F081012084F82A
:1029A0003C0000BF36B1042E1BD0082E31D00C2EB7
:1029B0005ED145E02946206801F0DEFB2068806991
:1029C00040F00800216888612068806920F00400D8
:1029D00021688861206880692969084321688861C5
:1029E00048E02946206801F0FFFB2068806940F438
:1029F0000060216888612068806920F48060216817
:102A0000886120688069296940EA0120216888611D
:102A100030E02946206801F025FC2068C06940F0BC
:102A200008002168C8612068C06920F0040021689E
:102A3000C8612068C069296908432168C86119E034
:102A40002946206801F04AFC2068C06940F4006013
:102A50002168C8612068C06920F480602168C8616D
:102A60002068C069296940EA01202168C86101E045
:102A7000012700BF00BF00BF002084F83C0000BF5A
:102A8000384689E710B504460CB9012010BD94F80A
:102A90003D0028B9002084F83C00204600F025F8CD
:102AA000022084F83D00211D206801F0E9FA012090
:102AB00084F8460000BF84F83E0001213F20015504
:102AC000402001554120015500BF00BF012084F87E
:102AD000420043200155442001554520015500BFC7
:102AE000012084F83D000020D0E7704770B504460F
:102AF0000D4615B994F83E000BE0042D02D13F209D
:102B0000005D06E0082D02D14020005D01E041207B
:102B1000005D012801D0012070BD1DB9022084F89C
:102B20003E000EE0042D03D102213F20015508E0B4
:102B3000082D03D102214020015502E0022141204D
:102B4000015501222946206801F0F0FA1F4920684A
:102B5000884203D01E492068884201D1012000E04C
:102B6000002028B12068406C40F40040216848648F
:102B700016492068884213D01549206888420FD032
:102B80002068B0F1804F0BD012492068884207D0EE
:102B900011492068884203D01049206888420CD12E
:102BA0002068806800F00706062E0CD020680068B8
:102BB00040F001002168086005E02068006840F0EE
:102BC0000100216808600020A6E70000002C0140F9
:102BD000003401400004004000080040000C0040A8
:102BE000704770B50446002520684069C0F3C015E1
:102BF00094F84100212817D1B5B100BF00BF21686A
:102C0000143151E8001F21F080002168143141E89F
:102C10000002002AF3D100BFA06B10B1A06BFEF739
:102C200066F9204601F0B4FC20684069C0F38015C5
:102C300094F84200222817D1B5B100BF00BF216827
:102C4000143151E8001F21F040002168143141E89F
:102C50000002002AF3D100BFE06B10B1E06BFEF779
:102C600046F9204601F04EFC002070BD7047000080
:102C70002DE9F84F0446206805682068C66820687A
:102C800047694FF00009CA4605F00F09B9F1000F76
:102C90000AD105F0200038B106F0200020B120460E
:102CA00001F089FCBDE8F88FB9F1000F7BD007F087
:102CB000010018B906F49070002874D005F00100E6
:102CC00030B106F4807018B1606C40F001006064AF
:102CD00005F0040030B107F0010018B1606C40F05D
:102CE0000200606405F0020030B107F0010018B185
:102CF000606C40F00400606405F0080048B106F024
:102D0000200010B907F0010018B1606C40F0080015
:102D10006064606C002845D005F0200028B106F002
:102D2000200010B1204601F046FC20684069C0F345
:102D3000801A606C00F0080010B9BAF1000F2CD0B6
:102D4000204601F0DFFB2068406900F0400000B33E
:102D500000BF00BF2168143151E8001F21F040007E
:102D60002168143141E80002002AF3D100BFE06B72
:102D700050B17748E16B4863E06BFEF7E3F888B148
:102D8000E06B416B88470DE02046FFF76FFF09E0DD
:102D900009E02046FFF76AFF04E02046FFF766FFE0
:102DA000002060647EE7206B012877D105F01000D9
:102DB000002873D006F010000028FAD000BF0020D1
:102DC000009020680068009020684068009000BF74
:102DD00000BF2068406900F0400000285FD0E06B31
:102DE000006840681FFA80F8B8F1000F55D0A08D38
:102DF000404552DDA4F82E80E06B8069202843D046
:102E000000BF00BF21680C3151E8001F21F4807021
:102E100021680C3141E80002002AF3D100BF00BF55
:102E200000BF2168143151E8001F21F00100216822
:102E3000143141E80002002AF3D100BF00BF00BFF7
:102E40002168143151E8001F21F04000216814313D
:102E500041E80002002AF3D100BF202084F842009C
:102E60000020206300BF00BF21680C3151E8001F23
:102E700021F0100021680C3141E80002002AF3D152
:102E800000BFE06BFEF733F802206063A08DE28D97
:102E9000801A81B22046FFF7A3FE03E742E0A08D2F
:102EA000E18D401A1FFA80F8E08DD0B3B8F1000F21
:102EB00037D000BF00BF21680C3151E8001F21F45A
:102EC000907021680C3141E80002002AF3D100BF64
:102ED00000BF00BF2168143151E8001F21F001003C
:102EE0002168143141E80002002AF3D100BF2020FC
:102EF00084F842000020206300BF00BF21680C312D
:102F000051E8001F21F0100021680C3141E8000257
:102F1000002AF3D100BF0220606341462046FFF73C
:102F20005FFEBFE605F0800030B106F0800018B10A
:102F3000204601F0A1FCB5E605F0400030B106F0F6
:102F4000400018B1204601F013FBABE600BFA9E634
:102F5000C943000810B504460CB9012010BDA06992
:102F600000B100E000BF94F8410028B9002084F8C7
:102F70004000204600F02AF8242084F84100206810
:102F8000C06820F400502168C860204601F092FB20
:102F90002068006920F49040216808612068406939
:102FA00020F02A00216848612068C06840F4005081
:102FB0002168C86000206064202084F8410084F803
:102FC00042000020606300BFC8E7000010B586B073
:102FD0000446002002900390049005908B492068DD
:102FE00088426CD100BF8A48806940F4804088499B
:102FF00088610846806900F48040019000BF00BFEE
:1030000000BF0846806940F0040088610846806976
:1030100000F00400019000BF00BF4815029002209C
:1030200003900320059002A97A48FEF7D3FA4FF4E3
:103030008060029000200390049002A97548FEF77A
:10304000C9FA754875490860002048600021734836
:1030500081608021C1600021016141612021816185
:103060000021C161FEF70EFA08B1FDF73DFF00BF78
:103070006A48E063446200BF6748143868490860E2
:10308000102048600021664881608021C1600021D5
:10309000016141618161C161FEF7F4F908B1FDF799
:1030A00023FF00BF5E48A063446200BF00221146B8
:1030B0002520FEF7A1FE2520FEF78EFEA3E059494C
:1030C000206888426CD100BF5148C06940F400308C
:1030D0004F49C8610846C06900F40030019000BF44
:1030E00000BF00BF0846806940F0040088610846C0
:1030F000806900F00400019000BF00BF042002902E
:10310000022003900320059002A94248FEF762FACC
:103110000820029000200390049002A93D48FEF789
:1031200059FA3D48143040490860002048600021A9
:103130003D4881608021C160002101614161202101
:1031400081610021C161FEF79DF908B1FDF7CCFE58
:1031500000BF3548E063446200BF2F482830334940
:103160000860102048600021304881608021C160E3
:103170000021016141618161C161FEF783F908B1FC
:10318000FDF7B2FE00BF2948A063446200BF0022E1
:1031900011462620FEF730FE2620FEF71DFE32E007
:1031A0002349206888422ED100BF1948C06940F4E5
:1031B00080201749C8610846C06900F4802001904A
:1031C00000BF00BF00BF0846806940F0080088616A
:1031D0000846806900F00800019000BF00BF081594
:1031E0000290022003900320059002A91148FEF7E7
:1031F000F1F94FF40060029000200390049002A9BE
:103200000C48FEF7E7F906B010BD00000038014099
:103210000010024000080140580002409C4100207C
:10322000E041002000440040244200206842002089
:1032300000480040000C014070B504460D4616469B
:1032400094F8420020280BD105B10EB9012070BDC1
:103250000020206332462946204601F0A9FAF6E70D
:103260000220F4E7704770472DE9F84F04460E46F8
:10327000174699464FF0000A94F84100202850D193
:1032800006B117B90120BDE8F88F00206064212045
:1032900084F84100FEF756FB8246A784E784A068C5
:1032A000B0F5805F04D1206910B90025B04602E076
:1032B00035464FF000081EE053460022802120468C
:1032C000CDF8009001F008FB20B1202084F84100E7
:1032D0000320D8E745B9B8F80000C0F3080021681A
:1032E000486008F1020803E02878216848606D1CF6
:1032F000E08C401EE084E08C0028DDD153460022A3
:1033000040212046CDF8009001F0E6FA20B12020BF
:1033100084F841000320B6E7202084F84100002013
:10332000B1E70220AFE7704700BFFEE7014608683B
:103330004069C0F38020B0B16FF480600A685061CA
:1033400000200863202081F83D00002081F83E0025
:10335000086C40F00400086400BF002081F83C00C5
:1033600000BF012070470020FCE700002DE9F84372
:103370000446884615469946DDE9086720680068D6
:1033800040F4807021680860334600224FF001113C
:103390002046009700F08DF860B12068006800F4C6
:1033A0008070B0F5807F02D14FF40070206403205C
:1033B000BDE8F88308F0FE00216808613B4632460C
:1033C0002149204600F0D4F808B10120F0E700BF01
:1033D000002000902068406900902068806900907B
:1033E00000BF00BF3A463146204600F03EF950B1DA
:1033F000206C042805D12068006840F40070216822
:1034000008600120D4E7B9F1010F03D1E8B22168C7
:10341000086117E0C5F30720216808613A46314684
:10342000204600F022F950B1206C042805D1206814
:10343000006840F40070216808600120B8E7E8B235
:10344000216808610020B3E70200010070B504465E
:103450000D46164625E02046FFF768FF08B101201B
:1034600070BD681CE8B1FEF76DFA801BA84200D859
:10347000BDB920684069C0F3800090B90020206386
:10348000202084F83D00002084F83E00206C40F0AD
:103490002000206400BF002084F83C0000BF012011
:1034A000DEE720684069C0F380000028D3D0002008
:1034B000D6E72DE9F04104460D4617461E46DDF8D5
:1034C000188038E0701CA8B3FEF73CFAA0EB0800A7
:1034D000B04200D876BBC5F3074001280AD1206866
:1034E0004069A9B20840A9B2884201D101200BE08D
:1034F000002009E020688069A9B20840A9B288428A
:1035000001D1012000E00020B84214D10020206346
:10351000202084F83D00002084F83E00206C40F01C
:103520002000206400BF002084F83C0000BF012080
:10353000BDE8F081FFE7C5F3074001280AD1206804
:103540004069A9B20840A9B2884201D101200BE02C
:10355000002009E020688069A9B20840A9B2884229
:1035600001D1012000E00020B842ABD00020DFE70D
:103570002DE9F04104460D4616461F4658E02068E6
:103580004069C0F38020E8B12068006840F4007012
:10359000216808606FF48060216848610020206322
:1035A000202084F83D00002084F83E00206C40F08C
:1035B0000400206400BF002084F83C0000BF01200C
:1035C000BDE8F081701C90B3FEF7BCF9C01BB0429F
:1035D00000D866BBC5F3074001280AD120684069BE
:1035E000A9B20840A9B2884201D101200BE0002015
:1035F00009E020688069A9B20840A9B2884201D1D7
:10360000012000E0002090B900202063202084F8F1
:103610003D00002084F83E00206C40F02000206433
:1036200000BF002084F83C0000BF0120C8E7FFE78E
:10363000C5F3074001280AD120684069A9B20840B3
:10364000A9B2884201D101200BE0002009E02068E6
:103650008069A9B20840A9B2884201D1012000E0E6
:10366000002000288BD00020AAE770B504460D4644
:10367000164625E02046FFF759FE08B1012070BD2F
:10368000681CE8B1FEF75EF9801BA84200D8BDB9FE
:1036900020684069C0F3C01090B90020206320204A
:1036A00084F83D00002084F83E00206C40F02000AB
:1036B000206400BF002084F83C0000BF0120DEE74A
:1036C00020684069C0F3C0100028D3D00020D6E79E
:1036D00008B500BF1648406940F001001449486130
:1036E0000846406900F00100009000BF00BF0022C2
:1036F00011460E20FEF780FB0E20FEF76DFB002228
:1037000011460F20FEF778FB0F20FEF765FB002225
:1037100011461020FEF770FB1020FEF75DFB002223
:1037200011461120FEF768FB1120FEF755FB08BD7E
:103730000010024000B585B0002001900290039077
:10374000049000BF5B48806940F04000594988619F
:103750000846806900F04000009000BF00BF00BF35
:103760000846806940F0040088610846806900F0DE
:103770000400009000BF00BF00BF0846806940F011
:10378000080088610846806900F00800009000BFCA
:1037900000BF00BF0846806940F0200088610846ED
:1037A000806900F02000009000BF00BF00BF084605
:1037B000806940F0100088610846806900F01000C0
:1037C000009000BF00BF00223C213B48FEF7B4F848
:1037D00000224FF4E0513948FEF7AEF800229F2155
:1037E0003748FEF7A9F800224FF406713548FEF776
:1037F000A3F83C20019001200290002003900220B9
:10380000049001A92C48FDF7E5FE4FF440400190DB
:10381000002002900220039001A92A48FDF7DAFE59
:103820004FF440700190002002900220039001A903
:103830002348FDF7CFFE4FF47C400190002002901A
:103840000120039001A91E48FDF7C4FE4FF47070DB
:103850000190002002900120039001A91748FDF774
:10386000B9FE4FF4E0500190012002900020039037
:103870000220049001A91148FDF7ACFE9F200190A1
:1038800001200290002003900220049001A90C481E
:10389000FDF7A0FE4FF40670019001200290002079
:1038A00003900220049001A90648FDF793FE05B09D
:1038B00000BD00000010024000180140001001404F
:1038C00000140140000C014010B50B480B49086082
:1038D0000B484860002109488160C1604FF4804175
:1038E0000161002141618161C1610162FEF730F82F
:1038F00008B1FDF7F9FA10BD00540040E03F002088
:10390000A086010000B595B0002011901290139090
:1039100014900F9010901C2108A8FCF73CFC20216B
:103920006846FCF738FC304830490860472048605A
:1039300000212E4881604FF47A71C160002101613D
:10394000416180218161FEF7A1FE08B1FDF7CCFA4B
:103950004FF48050119011A92448FEF750FF08B190
:10396000FDF7C2FA2148FFF78DF808B1FDF7BCFA60
:1039700000200F9010900FA91C48FEF739FE08B1E7
:10398000FDF7B2FA602008904FF4FA700990002019
:103990000A900B900C900D900E90002208A91348ED
:1039A000FEF7EEFF08B1FDF79FFA042208A90F48C1
:1039B000FEF7E6FF08B1FDF797FA002000900190AE
:1039C0000290039004904FF400500590002007905F
:1039D00069460648FEF7D2FD08B1FDF785FA0348AF
:1039E000FEF794FF15B000BD002C014034400020CC
:1039F00000B587B0002003900490059006900190D8
:103A000002904FF080401449086047204860002130
:103A1000114881604FF6FF71C16000210161816131
:103A2000FEF734FE08B1FDF75FFA4FF480500390C3
:103A300003A90948FEF7E3FE08B1FDF755FA002097
:103A40000190029001A90448FEF7D2FD08B1FDF7EC
:103A50004BFA07B000BD00007C40002010B50B48B9
:103A60000B4908604FF416504860002108488160F7
:103A7000C16001610C21416100218161C161FFF7D9
:103A800069FA08B1FDF730FA10BD000000380140B6
:103A9000C440002010B50B480B4908604FF4165085
:103AA0004860002108488160C16001610C214161CA
:103AB00000218161C161FFF74DFA08B1FDF714FAE9
:103AC00010BD0000004400400C41002010B50B4820
:103AD0000B4908604FF41650486000210848816087
:103AE000C16001610C21416100218161C161FFF769
:103AF00031FA08B1FDF7F8F910BD000000480040A8
:103B00005441002000BFFEE700BFFEE770B500246F
:103B100015E004F1B001C8B200F03AFA002000F05C
:103B200037FA102000F034FA002504E0002000F0FD
:103B300043FA681CC5B2802DF8DB601CC4B2082CA7
:103B4000E7DB70BD3EB5002400BF0FE04FF480718D
:103B50000122084820441346CDE9012100900022AB
:103B600078210548FDF7DCFF601CC4B21B2CEDDB9F
:103B70003EBD0000003C0020E03F002070B5044640
:103B80000D4605F1B001C8B200F002FA102141EA79
:103B9000141000F0FDF904F00F0000F0F9F970BD09
:103BA0002DE9FE4305460E46144699462046FCF78D
:103BB0005FFC07463A460B460BA1684602F048F9FF
:103BC00000212046FCF784FC06D24B466A4631466B
:103BD000284600F0D1F805E04B466A4631462846B3
:103BE00000F0CAF8BDE8FE83252E34660000000010
:103BF0002DE9F04180460E461546002731464046E5
:103C0000FFF7BCFF002409E0114A02EB8511085DB3
:103C100000F0D2F9781CC7B2601CC4B2102CF3DBE0
:103C2000701CC1B24046FFF7A9FF00240BE06900F9
:103C3000491C074A02EB4111085D00F0BDF9781CF0
:103C4000C7B2601CC4B2102CF1DBBDE8F0810000EB
:103C5000000000202DE9F04707460E4690469946A1
:103C600000250024A8F12000C5B27F2F02DD002727
:103C7000B01CC6B2B9F1100F22D131463846FFF759
:103C80007DFF002407E004EB0511174A505C00F0AB
:103C900093F9601CC4B2082CF5DB701CC1B2384625
:103CA000FFF76CFF002408E004EB051108310E4A11
:103CB000505C00F081F9601CC4B2082CF4DB11E008
:103CC00031463846FFF75AFF002409E005EB45016D
:103CD000064A02EB4101085D00F06EF9601CC4B2B7
:103CE000062CF3DBBDE8F087BC870008948500084C
:103CF0002DE9FF5F074691461E460E9D4FF0000AD4
:103D0000002435E0301B401EC1B20A2003F058FBEE
:103D1000B9FBF0F00A21B0FBF1F201FB1208BAF195
:103D2000000F14D1701EA04211DDB8F1000F0CD1AC
:103D3000AB4605EBDB71491001FB0471C8B22B46A1
:103D400020220199FFF786FF10E04FF0010AAB46F1
:103D500005EBDB71491001FB0471C8B208F13001B9
:103D6000CAB22B460199FFF775FF00BF601CC4B2B1
:103D7000B442C7DBBDE8FF9F2DE9F04104460F4682
:103D80001546984600260FE0AA5D43463946204670
:103D9000FFF760FF04F10800C4B2782C02DD0024B4
:103DA000B81CC7B2701CC6B2A85D0028ECD1BDE833
:103DB000F08100002DE9F04180460E4615460027AF
:103DC00031464046FFF7DAFE002409E0114A02EBD3
:103DD0008511085D00F0F0F8781CC7B2601CC4B211
:103DE000102CF3DB701CC1B24046FFF7C7FE002465
:103DF0000BE06900491C074A02EB4111085D00F025
:103E0000DBF8781CC7B2601CC4B2102CF1DBBDE833
:103E1000F0810000402100202DE9F04180460E464F
:103E20001546002731464046FFF7A8FE002409E06A
:103E3000114A02EB8511085D00F0BEF8781CC7B28C
:103E4000601CC4B2102CF3DB701CC1B24046FFF7FB
:103E500095FE00240BE06900491C074A02EB411162
:103E6000085D00F0A9F8781CC7B2601CC4B2102C21
:103E7000F1DBBDE8F0810000003800202DE9F843B7
:103E80000646884614461F46089D002C0EDA2B462F
:103E90002D2241463046FFF7DDFE06F10801C8B28B
:103EA0003B46624241460095FFF722FF0CB1002CD1
:103EB00007DD781CC3B22246414630460095FFF725
:103EC00017FFBDE8F88300002DE9F04180460E465B
:103ED0001546002731464046FFF750FE002409E012
:103EE000114A02EB8511085D00F066F8781CC7B234
:103EF000601CC4B2102CF3DB701CC1B24046FFF74B
:103F00003DFE00240BE06900491C074A02EB411109
:103F1000085D00F051F8781CC7B2601CC4B2102CC8
:103F2000F1DBBDE8F0810000802F00202DE9F04199
:103F300080460E461546002731464046FFF71EFED6
:103F4000002409E0114A02EB8511085D00F034F805
:103F5000781CC7B2601CC4B2102CF3DB701CC1B259
:103F60004046FFF70BFE00240BE06900491C074A9E
:103F700002EB4111085D00F01FF8781CC7B2601C0D
:103F8000C4B2102CF1DBBDE8F0810000002E00204F
:103F900001B584B04FF48070012104AA0B46CDE92D
:103FA00000210290002278210248FDF7B9FD05B0FA
:103FB00000BD0000E03F002001B584B04FF48070E8
:103FC000012104AA0B46CDE900210290402278216C
:103FD0000248FDF7A5FD05B000BD0000E03F002050
:103FE0007047000008B508490968C9084FF47A729B
:103FF000B1FBF2F14143009100BF00BF00994A1E9E
:1040000000920029F9D108BDE43C0020704710B5AA
:10401000FDF772FE10BD00B58FB0282105A8FCF792
:10402000BAF814216846FCF7B6F8012005900004A0
:104030000690002007900120099002200C90C103F7
:104040000D914FF4E0110E9105A8FEF74BF808B161
:10405000FCF74AFF0F200090022001900020029000
:104060004FF4806003900020049002216846FDF721
:1040700015FF08B1FCF738FF0FB000BD7047000016
:1040800010B50268244B98420ED0244B98420BD0B6
:10409000B0F1804F08D0224B984205D0214B984276
:1040A00002D0214B984203D122F070024B681A4390
:1040B000194B98420ED0194B98420BD0B0F1804F5B
:1040C00008D0174B984205D0164B984202D0164B99
:1040D000984203D122F44072CB681A4322F0800345
:1040E0004C6943EA040202608B68C3620B68836216
:1040F000094B984202D0094B984201D10B690363E6
:1041000001234361036903F001031BB1036923F039
:104110000103036110BD0000002C01400034014088
:104120000004004000080040000C004030B501F0E1
:104130001F05012404FA05F3046A9C430462046A1F
:1041400001F01F0502FA05F52C43046230BD30B5BD
:104150000C46816821F47F4142EA03252543294327
:10416000816030BD0A46816821F0700142F007038A
:10417000194381607047000030B5026A056A25F076
:10418000010505624368846924F0700424F0030487
:104190000D682C4322F002028D682A43104DA8427C
:1041A00000D103E00F4DA84206D100BF22F0080263
:1041B000CD682A4322F00402094DA84202D0094DDD
:1041C000A84207D123F4807323F400734D692B4375
:1041D0008D692B43436084614D684563026230BD45
:1041E000002C01400034014030B5026A056A25F018
:1041F000100505624368846924F4E04424F44074A3
:104200000D6844EA052422F020028D6842EA051276
:10421000124DA84200D103E0114DA84207D100BFC2
:1042200022F08002CD6842EA051222F040020B4DD6
:10423000A84202D00A4DA84209D123F4806323F496
:1042400000634D6943EA85038D6943EA8503436052
:1042500084614D688563026230BD0000002C01401E
:104260000034014030B5026A056A25F480750562A4
:104270004368C46924F0700424F003040D682C43DF
:1042800022F400728D6842EA0522124DA84200D144
:1042900003E0114DA84207D100BF22F40062CD68AF
:1042A00042EA052222F480620A4DA84202D00A4D59
:1042B000A84209D123F4805323F400534D6943EA03
:1042C00005138D6943EA05134360C4614D68C563F6
:1042D000026230BD002C01400034014030B5036A59
:1042E000056A25F4805505624468C26922F4E042FB
:1042F00022F440720D6842EA052223F400538D68CF
:1043000043EA0533084DA84202D0084DA84204D123
:1043100024F480444D6944EA85144460C2614D68C8
:104320000564036230BD0000002C014000340140F0
:1043300030B50B461446026A056A25F00105056290
:10434000816921F0F00141EA041122F00A021A43C6
:104350008161026230BD30B50B461446026A056ABF
:1043600025F010050562816921F4704141EA0431AC
:1043700022F0A00242EA03128161026230BD000015
:1043800010B5FCF711FC50B105484079401C0449B8
:10439000487108464079802801DB0020487110BD33
:1043A0001B3C002010B5FCF763FC50B10548407978
:1043B000401C0449487108464079802801DB0020F0
:1043C000487110BD233C002070B505466C6A002082
:1043D000E085E0842046FEF749FC70BD70B50646D6
:1043E0000025746A20684069C0F3C01594F8410044
:1043F000212805D125B10020E084204600F0C8F82E
:1044000020684069C0F3801594F84200222805D145
:1044100025B10020E085204600F074F8606C40F083
:10442000100060642046FEF721FC70BD70B50546A3
:104430006C6A2868006800F02000002842D1E085FE
:1044400000BF00BF21680C3151E8001F21F48070CB
:1044500021680C3141E80002002AF3D100BF00BFFF
:1044600000BF2168143151E8001F21F001002168CC
:10447000143141E80002002AF3D100BF00BF00BFA1
:104480002168143151E8001F21F0400021681431E7
:1044900041E80002002AF3D100BF202084F8420046
:1044A000206B01280ED100BF00BF21680C3151E8FC
:1044B000001F21F0100021680C3141E80002002AA1
:1044C000F3D100BF00206063206B012804D1A18DCF
:1044D0002046FEF785FB02E02046FEF7C3FE70BDD6
:1044E00070B505466C6A01206063206B012805D118
:1044F000A08D41082046FEF773FB02E02046FEF740
:10450000B2FE70BD00BF00BF02680C3252E8002F3F
:1045100022F4907102680C3242E80013002BF3D1B0
:1045200000BF00BF00BF0268143252E8002F22F023
:1045300001010268143242E80013002BF3D100BFDE
:10454000016B01290ED100BF00BF02680C3252E896
:10455000002F22F0100102680C3242E80013002BF9
:10456000F3D100BF202180F8421000210163704781
:1045700010B504462068C06820F040002168C8607B
:10458000202084F841002046FEF7CDFE002010BD1B
:1045900000BF00BF02680C3252E8002F22F0C001B9
:1045A00002680C3242E80013002BF3D100BF202137
:1045B00080F841107047F8B5044694F8420022286C
:1045C00075D1A068B0F5805F0CD1206950B9002585
:1045D000A66A20684068C0F308003080A06A801C8A
:1045E000A06215E0A56A0026A068B0F5805F03D040
:1045F000A06828B9206918B920684068287004E0CC
:104600002068406800F07F002870A06A401CA0620B
:10461000E08D401E80B2E085002846D12068C06849
:1046200020F020002168C8602068C06820F48070F5
:104630002168C8602068406920F001002168486155
:10464000202084F8420000206063206B012826D1DE
:104650000020206300BF00BF21680C3151E8001F1B
:1046600021F0100021680C3141E80002002AF3D14A
:1046700000BF2068006800F0100010280AD100BFB9
:10468000002000902068006800902068406800903A
:1046900000BF00BFA18D2046FEF7A2FA02E020462F
:1046A000FEF7E0FD0020F8BD01E00020FBE702205E
:1046B000F9E7000070B504462168096921F440510A
:1046C000E2681143226811612269A168114362699D
:1046D00041EA02052168C96841F20C62914329430D
:1046E0002268D1602168496921F44071A2691143AF
:1046F000226851612D4A2168914202D1FDF7AAFC3E
:1047000001E0FDF797FC00EBC00101EB00116268CE
:104710009200B1FBF2F100EBC00202EB0012636801
:104720009B00B2FBF3F26423B2FBF3F202EBC20391
:1047300003EB0212A1EB8201322202EB011164228F
:10474000B1FBF2F101F0F00100EBC00202EB00124C
:1047500063689B00B2FBF3F26423B2FBF3F201EB5C
:10476000021200EBC00101EB001163689B00B1FB7A
:10477000F3F100EBC00303EB00136668B600B3FB74
:10478000F6F36426B3FBF6F303EBC30606EB031361
:10479000A1EB8301322303EB01116423B1FBF3F19D
:1047A00001F00F0111442268916070BD0038014092
:1047B00077B581B0044615460298A062A585002011
:1047C0006064222084F842002848E16B886228480F
:1047D000E16BC8622748E16B08630020E16B486326
:1047E00002AE32682368191D2B46E06BFCF790FE81
:1047F00000BF00200090206800680090206840689A
:10480000009000BF00BF206970B100BF00BF2168E9
:104810000C3151E8001F41F4807021680C3141E8EF
:104820000002002AF3D100BF00BF00BF216814318D
:1048300051E8001F41F001002168143141E80002F5
:10484000002AF3D100BF00BF00BF2168143151E836
:10485000001F41F040002168143141E80002002AA5
:10486000F3D100BF002004B070BD00002D4400084B
:10487000E1440008DD430008014691F84100212889
:1048800028D18868B0F5805F0BD1086948B90A6AF9
:104890001088C0F308000B685860086A801C086222
:1048A00005E00B6A581C086218780B685860C88CC1
:1048B000401E80B2C88458B90868C06820F08000E3
:1048C0000B68D8600868C06840F040000B68D8608A
:1048D000002070470220FCE72DE9F84304460D460E
:1048E00017469846089E31E0701C70B3FDF72AF811
:1048F000A0EB0800B04200D816B90320BDE8F88349
:104900002068C06800F00400F8B1802D1ED0402D52
:104910001CD020680068C0F3C000B0B100BF002008
:10492000009020680068009020684068009000BFF8
:1049300000BF2046FFF7E6FD0820606400BF0020AE
:1049400084F8400000BF0120D8E7FFE72068006836
:104950002840A84201D1012000E00020B842C3D085
:104960000020CBE738B51648FEF782F914480068F6
:104970001449884223D1124800680068C0F300102F
:10498000E8B100BF002000900D480068006800906A
:104990000B4800684068009000BF00BF0848FEF761
:1049A00020F9094800684468C4F1FF00074908700D
:1049B00000200870FF2206490148FEF73DFC38BD83
:1049C000C4400020003801409C410020D43C00201D
:1049D000403F002038B51648FEF74AF914480068F1
:1049E0001449884223D1124800680068C0F30010BF
:1049F000E8B100BF002000900D48006800680090FA
:104A00000B4800684068009000BF00BF0848FEF7F0
:104A1000E8F8094800684468C4F1FF0007490870D5
:104A200000200870FF2206490148FEF705FC38BD4A
:104A30000C4100200044004024420020D53C0020CE
:104A4000903F002000BFFEE707B582B0049814280D
:104A500077D00EDC142881F0EE80DFE800F03A73A6
:104A6000ADF5F3F2F1F0EFEEEDECEBEAE9E8E7E6B5
:104A7000E5E41E287ED00EDCA0F115000928EAD25C
:104A8000DFE810F0C404FB0432056905A005D70572
:104A90000E0645067C06232800F0BA870CDC1F288A
:104AA00069D0202800F00F87212800F043872228B2
:104AB00041F0C18000F075BF242800F0E087252870
:104AC00001F01480262801F048806328F0D101F01D
:104AD0007BB80398C0B201900298C0B20022009047
:104AE0000199FFF767F90398C0B20190029810305E
:104AF000C0B2012200900199FFF75CF90398C0B29F
:104B0000019002982030C0B2042200900199FFF772
:104B100051F90398C0B2019002983030C0B23222ED
:104B200000900199FFF746F90398C0B201900298EE
:104B30004030C0B2322200900199FFF73BF901F0FA
:104B4000B1B8F1E30398C0B201900298C0B202225A
:104B500000900199FFF72EF90398C0B201900298D6
:104B60001030C0B2032200900199FFF723F9039897
:104B7000C0B201E0FEE3FEE3019002982030C0B233
:104B8000042200900199FFF715F90398C0B2019033
:104B900002983030C0B2322200900199FFF70AF932
:104BA0000398C0B2019002984030C0B23222009007
:104BB0000199FFF7FFF8C2E70398C0B2019002988D
:104BC000C0B2002200900199FFF7F4F80398C0B238
:104BD000019002981030C0B2012200900199FFF7B5
:104BE000E9F80398C0B2019002982030C0B20422C4
:104BF00000900199FFF7DEF80398C0B20190029887
:104C00003030C0B2322200900199FFF7D3F80398F8
:104C1000C0B2019002984030C0B232220090019997
:104C2000FFF7C8F88BE780E347E30FE3D7E29FE2A3
:104C300067E22FE2F7E1BFE187E14FE117E1DFE053
:104C4000A7E06FE037E0FFE70398C0B20190029859
:104C5000C0B2022200900199FFF7ACF80398C0B2ED
:104C6000019002981030C0B2032200900199FFF722
:104C7000A1F80398C0B2019002982030C0B204227B
:104C800000900199FFF796F80398C0B2019002983E
:104C90003030C0B2322200900199FFF78BF80398B0
:104CA000C0B2019002984030C0B232220090019907
:104CB000FFF780F843E70398C0B201900298C0B2B2
:104CC000072200900199FFF775F80398C0B2019090
:104CD00002981030C0B2082200900199FFF76AF8DC
:104CE0000398C0B2019002982030C0B232220090E6
:104CF0000199FFF75FF80398C0B201900298303035
:104D0000C0B2322200900199FFF754F80398C0B264
:104D1000019002984030C0B2322200900199FFF712
:104D200049F80CE70398C0B201900298C0B204227F
:104D300000900199FFF73EF80398C0B201900298E5
:104D40001030C0B2052200900199FFF733F80398A4
:104D5000C0B2019002982030C0B2062200900199A2
:104D6000FFF728F80398C0B2019002983030C0B223
:104D7000072200900199FFF71DF80398C0B2019037
:104D800002984030C0B2082200900199FFF712F853
:104D9000D5E60398C0B201900298C0B204220090F8
:104DA0000199FFF707F80398C0B2019002981030FC
:104DB000C0B2052200900199FEF7FCFF0398C0B233
:104DC000019002982030C0B2062200900199FEF7AF
:104DD000F1FF0398C0B2019002983030C0B20722B0
:104DE00000900199FEF7E6FF0398C0B20190029887
:104DF0004030C0B2082200900199FEF7DBFF9EE62A
:104E00000398C0B201900298C0B2092200900199A3
:104E1000FEF7D0FF0398C0B2019002981030C0B2E4
:104E20000A2200900199FEF7C5FF0398C0B20190D5
:104E300002982030C0B2072200900199FEF7BAFF15
:104E40000398C0B2019002983030C0B2082200909E
:104E50000199FEF7AFFF0398C0B20190029840306D
:104E6000C0B2322200900199FEF7A4FF67E60398D2
:104E7000C0B201900298C0B2092200900199FEF7D9
:104E800099FF0398C0B2019002981030C0B20A2274
:104E900000900199FEF78EFF0398C0B2019002982E
:104EA0002030C0B2072200900199FEF783FF0398DB
:104EB000C0B2019002983030C0B20822009001992F
:104EC000FEF778FF0398C0B2019002984030C0B25C
:104ED000322200900199FEF76DFF30E60398C0B2D0
:104EE00001900298C0B20B2200900199FEF762FF78
:104EF0000398C0B2019002981030C0B232220090E4
:104F00000199FEF757FF0398C0B201900298203034
:104F1000C0B2322200900199FEF74CFF0398C0B254
:104F2000019002983030C0B2322200900199FEF711
:104F300041FF0398C0B2019002984030C0B23222C3
:104F400000900199FEF736FFF9E50398C0B2019091
:104F50000298C0B20C2200900199FEF72BFF039833
:104F6000C0B2019002981030C0B20D220090019999
:104F7000FEF720FF0398C0B2019002982030C0B223
:104F8000322200900199FEF715FF0398C0B20190FC
:104F900002983030C0B2322200900199FEF70AFF29
:104FA0000398C0B2019002984030C0B23222009003
:104FB0000199FEF7FFFEC2E50398C0B20190029886
:104FC000C0B20E2200900199FEF7F4FE0398C0B221
:104FD000019002981030C0B20F2200900199FEF7A4
:104FE000E9FE0398C0B2019002982030C0B21022AE
:104FF00000900199FEF7DEFE0398C0B2019002987E
:105000003030C0B2322200900199FEF7D3FE0398EF
:10501000C0B2019002984030C0B232220090019993
:10502000FEF7C8FE8BE50398C0B201900298C0B2AB
:105030000E2200900199FEF7BDFE0398C0B20190C8
:1050400002981030C0B20F2200900199FEF7B2FE14
:105050000398C0B2019002982030C0B21022009094
:105060000199FEF7A7FE0398C0B201900298303074
:10507000C0B2112200900199FEF79CFE0398C0B2C5
:10508000019002984030C0B2122200900199FEF7C0
:1050900091FE54E50398C0B201900298C0B2132269
:1050A00000900199FEF786FE0398C0B20190029825
:1050B0001030C0B2142200900199FEF77BFE0398D5
:1050C000C0B2019002982030C0B232220090019903
:1050D000FEF770FE0398C0B2019002983030C0B263
:1050E000322200900199FEF765FE0398C0B201904C
:1050F00002984030C0B2322200900199FEF75AFE69
:105100001DE50398C0B201900298C0B2152200902C
:105110000199FEF74FFE0398C0B20190029810303B
:10512000C0B2142200900199FEF744FE0398C0B269
:10513000019002982030C0B2322200900199FEF70F
:1051400039FE0398C0B2019002983030C0B23222CA
:1051500000900199FEF72EFE0398C0B201900298CC
:105160004030C0B2322200900199FEF723FEE6E4FF
:105170000398C0B201900298C0B216220090019923
:10518000FEF718FE0398C0B2019002981030C0B22A
:10519000142200900199FEF70DFE0398C0B2019011
:1051A00002982030C0B2322200900199FEF702FE30
:1051B0000398C0B2019002983030C0B23222009001
:1051C0000199FEF7F7FD0398C0B2019002984030B4
:1051D000C0B2322200900199FEF7ECFDAFE40398D3
:1051E000C0B201900298C0B2172200900199FEF758
:1051F000E1FD0398C0B2019002981030C0B21422B1
:1052000000900199FEF7D6FD0398C0B20190029874
:105210002030C0B2322200900199FEF7CBFD0398F6
:10522000C0B2019002983030C0B232220090019991
:10523000FEF7C0FD0398C0B2019002984030C0B2A2
:10524000322200900199FEF7B5FD78E40398C0B2D0
:1052500001900298C0B2162200900199FEF7AAFDB3
:105260000398C0B2019002981030C0B2172200908B
:105270000199FEF79FFD0398C0B20190029820307B
:10528000C0B2142200900199FEF794FD0398C0B2B9
:10529000019002983030C0B2322200900199FEF79E
:1052A00089FD0398C0B2019002984030C0B232220A
:1052B00000900199FEF77EFD41E40398C0B2019091
:1052C0000298C0B2182200900199FEF773FD03986E
:1052D000C0B2019002981030C0B21622009001991D
:1052E000FEF768FD0398C0B2019002982030C0B26A
:1052F000172200900199FEF75DFD0398C0B201905E
:1053000002983030C0B2142200900199FEF752FD8D
:105310000398C0B2019002984030C0B2322200908F
:105320000199FEF747FD0AE439E00398C0B2019005
:105330000298C0B2192200900199FEF73BFD039834
:10534000C0B2019002981030C0B2142200900199AE
:10535000FEF730FD0398C0B2019002982030C0B231
:10536000322200900199FEF725FD0398C0B201900A
:10537000029801E039E26FE23030C0B23222009090
:105380000199FEF717FD0398C0B2019002984030D2
:10539000C0B2322200900199FEF70CFD0BE4039895
:1053A000C0B201900298C0B2142200900199FEF799
:1053B00001FD0398C0B2019002981030C0B21A22C9
:1053C00000900199FEF7F6FC0398C0B20190029894
:1053D0002030C0B21B2200900199FEF7EBFC03982D
:1053E000C0B2019002983030C0B2322200900199D0
:1053F000FEF7E0FC0398C0B2019002984030C0B2C2
:10540000322200900199FEF7D5FC0BE40398C0B25C
:1054100001900298C0B20C2200900199FEF7CAFCDC
:105420000398C0B2019002981030C0B21B220090C5
:105430000199FEF7BFFC0398C0B20190029820309A
:10544000C0B2322200900199FEF7B4FC0398C0B2BA
:10545000019002983030C0B2322200900199FEF7DC
:10546000A9FC0398C0B2019002984030C0B2322229
:1054700000900199FEF79EFC1CE40398C0B20190D5
:105480000298C0B2132200900199FEF793FC039892
:10549000C0B2019002981030C0B21B220090019956
:1054A000FEF788FC0398C0B2019002982030C0B289
:1054B000322200900199FEF77DFC0398C0B2019062
:1054C00002983030C0B2322200900199FEF772FC8F
:1054D0000398C0B2019002984030C0B232220090CE
:1054E0000199FEF767FCDDE30398C0B201900298D2
:1054F000C0B2152200900199FEF75CFC0398C0B27F
:10550000019002981030C0B21B2200900199FEF762
:1055100051FC0398C0B2019002982030C0B23222F0
:1055200000900199FEF746FC0398C0B201900298E2
:105530003030C0B2322200900199FEF73BFC039854
:10554000C0B2019002984030C0B23222009001995E
:10555000FEF730FCA6E30398C0B201900298C0B2F7
:10556000162200900199FEF725FC0398C0B2019025
:1055700002981030C0B21B2200900199FEF71AFC6D
:105580000398C0B2019002982030C0B2322200903D
:105590000199FEF70FFC0398C0B2019002983030D9
:1055A000C0B2322200900199FEF704FC0398C0B209
:1055B000019002984030C0B2322200900199FEF76B
:1055C000F9FB6FE30398C0B201900298C0B21722B2
:1055D00000900199FEF7EEFB0398C0B2019002988B
:1055E0001030C0B21B2200900199FEF7E3FB039834
:1055F000C0B2019002982030C0B2322200900199CE
:10560000FEF7D8FB0398C0B2019002983030C0B2C8
:10561000322200900199FEF7CDFB0398C0B20190B1
:1056200002984030C0B2322200900199FEF7C2FBCE
:1056300038E30398C0B201900298C0B21C220090D7
:105640000199FEF7B7FB0398C0B2019002981030A1
:10565000C0B21D2200900199FEF7ACFB0398C0B2C6
:10566000019002982030C0B2322200900199FEF7DA
:10567000A1FB0398C0B2019002983030C0B2322230
:1056800000900199FEF796FB0398C0B20190029832
:105690004030C0B2322200900199FEF78BFB01E34B
:1056A0000398C0B201900298C0B21E2200900199E6
:1056B000FEF780FB0398C0B2019002981030C0B290
:1056C0001D2200900199FEF775FB0398C0B201906E
:1056D00002982030C0B2322200900199FEF76AFB96
:1056E0000398C0B2019002983030C0B232220090CC
:1056F0000199FEF75FFB0398C0B201900298403019
:10570000C0B2322200900199FEF754FBCAE203981E
:10571000C0B201900298C0B2202200900199FEF719
:1057200049FB0398C0B2019002981030C0B2212208
:1057300000900199FEF73EFB0398C0B201900298D9
:105740002030C0B2222200900199FEF733FB03986B
:10575000C0B2019002983030C0B23222009001995C
:10576000FEF728FB0398C0B2019002984030C0B207
:10577000322200900199FEF71DFB93E20398C0B21C
:1057800001900298C0B21F2200900199FEF712FB0F
:105790000398C0B2019002981030C0B2202200904D
:1057A0000199FEF707FB0398C0B2019002982030E0
:1057B000C0B2212200900199FEF7FCFA0398C0B212
:1057C000019002983030C0B2222200900199FEF779
:1057D000F1FA0398C0B2019002984030C0B2322270
:1057E00000900199FEF7E6FA5CE20398C0B20190DE
:1057F0000298C0B2232200900199FEF7DBFA0398C9
:10580000C0B2019002981030C0B2322200900199CB
:10581000FEF7D0FA0398C0B2019002982030C0B2CF
:10582000322200900199FEF7C5FA0398C0B20190A8
:1058300002983030C0B2322200900199FEF7BAFAD5
:105840000398C0B2019002984030C0B2322200905A
:105850000199FEF7AFFA25E20398C0B201900298D1
:10586000C0B2242200900199FEF7A4FA0398C0B2B6
:10587000019002981030C0B2322200900199FEF7D8
:1058800099FA0398C0B2019002982030C0B2322237
:1058900000900199FEF78EFA0398C0B20190029829
:1058A0003030C0B2322200900199FEF783FA03989B
:1058B000C0B2019002984030C0B2322200900199EB
:1058C000FEF778FAEEE10398C0B201900298C0B2F8
:1058D000262200900199FEF76DFA0398C0B201905C
:1058E00002981030C0B2322200900199FEF762FA9D
:1058F0000398C0B2019002982030C0B232220090CA
:105900000199FEF757FA0398C0B20190029830301F
:10591000C0B2322200900199FEF74CFA0398C0B24F
:10592000019002984030C0B2322200900199FEF7F7
:1059300041FAB7E10398C0B201900298C0B21622B2
:1059400000900199FEF736FA0398C0B201900298D0
:105950001030C0B2262200900199FEF72BFA03986E
:10596000C0B2019002982030C0B23222009001995A
:10597000FEF720FA0398C0B2019002983030C0B20E
:10598000322200900199FEF715FA0398C0B20190F7
:1059900002984030C0B2322200900199FEF70AFA14
:1059A00080E10398C0B201900298C0B22522009015
:1059B0000199FEF7FFF90398C0B2019002981030E8
:1059C000C0B2262200900199FEF7F4F90398C0B204
:1059D000019002982030C0B2322200900199FEF767
:1059E000E9F90398C0B2019002983030C0B2322277
:1059F00000900199FEF7DEF90398C0B20190029879
:105A00004030C0B2322200900199FEF7D3F949E14B
:105A10000398C0B201900298C0B227220090019969
:105A2000FEF7C8F90398C0B2019002981030C0B2D6
:105A3000282200900199FEF7BDF90398C0B20190A9
:105A400002982030C0B2292200900199FEF7B2F9E5
:105A50000398C0B2019002983030C0B22A22009060
:105A60000199FEF7A7F90398C0B20190029840305F
:105A7000C0B2322200900199FEF79CF912E103981E
:105A8000C0B201900298C0B22B2200900199FEF79B
:105A900091F90398C0B2019002981030C0B22C2244
:105AA00000900199FEF786F90398C0B20190029820
:105AB0002030C0B22D2200900199FEF77BF90398A7
:105AC000C0B2019002983030C0B2322200900199E9
:105AD000FEF770F90398C0B2019002984030C0B24E
:105AE000322200900199FEF765F9DBE00398C0B21D
:105AF00001900298C0B22E2200900199FEF75AF947
:105B00000398C0B2019002981030C0B232220090C7
:105B10000199FEF74FF90398C0B201900298203026
:105B2000C0B2322200900199FEF744F90398C0B246
:105B3000019002983030C0B2322200900199FEF7F5
:105B400039F90398C0B2019002984030C0B23222B5
:105B500000900199FEF72EF9A4E00398C0B20190DD
:105B60000298C0B22F2200900199FEF723F9039802
:105B7000C0B2019002981030C0B232220090019958
:105B8000FEF718F90398C0B2019002982030C0B215
:105B9000322200900199FEF70DF90398C0B20190EE
:105BA00002983030C0B2322200900199FEF702F91B
:105BB0000398C0B2019002984030C0B232220090E7
:105BC0000199FEF7F7F86DE00398C0B201900298D2
:105BD000C0B2302200900199FEF7ECF80398C0B2F1
:105BE000019002981030C0B2312200900199FEF766
:105BF000E1F80398C0B2019002982030C0B232227E
:105C000000900199FEF7D6F80398C0B2019002986F
:105C10003030C0B2322200900199FEF7CBF80398E1
:105C2000C0B2019002984030C0B232220090019977
:105C3000FEF7C0F836E00398C0B201900298C0B2F7
:105C4000302200900199FEF7B5F80398C0B2019098
:105C500002981030C0B2312200900199FEF7AAF8E4
:105C60000398C0B2019002982030C0B23222009056
:105C70000199FEF79FF80398C0B201900298303066
:105C8000C0B2322200900199FEF794F80398C0B296
:105C9000019002984030C0B2322200900199FEF784
:105CA00089F800BF00BF05B000BD70B504460D46C1
:105CB000164616B1B6F5B47F13D1E9B2E0B20322AD
:105CC000FEF734F9E9B204F11002D0B20422FEF773
:105CD0002DF9E9B204F12002D0B20522FEF726F92F
:105CE000A4E0002E15DD5A2E13DAE9B2E0B200224C
:105CF000FEF71CF9E9B204F11002D0B20322FEF75C
:105D000015F9E9B204F12002D0B20422FEF70EF92F
:105D10008CE05A2E13D1E9B2E0B20022FEF706F968
:105D2000E9B204F11002D0B20422FEF7FFF8E9B2A2
:105D300004F12002D0B20522FEF7F8F876E05A2EE0
:105D400015DDB42E13DAE9B2E0B20022FEF7EEF868
:105D5000E9B204F11002D0B20122FEF7E7F8E9B28D
:105D600004F12002D0B20422FEF7E0F85EE0B42E87
:105D700013D1E9B2E0B20122FEF7D8F8E9B204F19A
:105D80001002D0B20422FEF7D1F8E9B204F12002E9
:105D9000D0B20522FEF7CAF848E0B42E16DDB6F5FB
:105DA000877F13DAE9B2E0B20222FEF7BFF8E9B268
:105DB00004F11002D0B20122FEF7B8F8E9B204F102
:105DC0002002D0B20422FEF7B1F82FE0B6F5877FAB
:105DD00013D1E9B2E0B20222FEF7A8F8E9B204F169
:105DE0001002D0B20422FEF7A1F8E9B204F12002B9
:105DF000D0B20522FEF79AF818E0B6F5877F15DDD8
:105E0000B6F5B47F12DAE9B2E0B20222FEF78EF8FC
:105E1000E9B204F11002D0B20322FEF787F8E9B22A
:105E200004F12002D0B20422FEF780F870BD000019
:105E30000FB4054B10B503A9044A029800F09EF96F
:105E400010BC5DF814FB00002D6B0008E83C00203E
:105E50000FB4084B10B504A902AA039800F08EF9FC
:105E6000044602A9002000F020FD204610BC5DF889
:105E700014FB0000AB680008490050EAC12018BFBD
:105E800004204A0D18BF40F0010040F2FF72B2EB4F
:105E9000515F08BF40F00200012808BF052070478D
:105EA00002480068C0F30220704700000CED00E0DB
:105EB00010B5002804DB0A07130E054A135406E048
:105EC0000A07140E034A00F00F031B1FD45410BD21
:105ED00000E400E018ED00E000487047EC3C0020D2
:105EE0002DE9F0414F1E00EBC7010446D1E9000146
:105EF00015461E4637F006020DD02A463346FAF7FD
:105F0000A6F97F1E04EBC703D3E90023FAF719FCB7
:105F100037F00602F1D1022F25D0042F13D0062F1F
:105F200018BFBDE8F0812A463346FAF790F9D4E964
:105F30000A23FAF706FC2A463346FAF788F9D4E929
:105F40000823FAF7FEFB2A463346FAF780F9D4E92C
:105F50000623FAF7F6FB2A463346FAF778F9D4E92E
:105F60000423FAF7EEFB2A463346FAF770F9D4E930
:105F70000223FAF7E6FB2A463346FAF768F9D4E932
:105F80000023BDE8F041FAF7DCBB00000022134615
:105F900010460149FAF7CDB90000F03FFAF7D1BB3E
:105FA0000022134610461146FAF7C3B940F20132F7
:105FB00000204FF0E041FAF76BBC0000024A0020DD
:105FC0001107FAF765BC000001FDFFFF02E008C8F9
:105FD000121F08C1002AFAD170477047002001E063
:105FE00001C1121F002AFBD170470000014908605F
:105FF00070470000EC3C00202DE9FF5F82B00021DB
:10600000DDE90430020DDDF840B0034318D044F65A
:106010001050A2F2FF3242431514119801281FD0EC
:10602000A5EB0B00401C5FEA000A4FF000064E4F44
:10603000DFF83891B046504615D5CAF1000413E098
:10604000119801244AA3012801D16FEA0B0102989B
:10605000119AC0E90031C0E9024206B0BDE8F09FE4
:10606000CBF10000DFE704460021404A491842EB2B
:106070000450CDE9001012E0E00707D032463B465D
:1060800040464946FAF7E3F88046894632463B46A1
:1060900010461946FAF7DBF806460F466410002C46
:1060A000EAD1DDE90401DDE90023BAF1000F06DAE7
:1060B000FAF7CDF842464B46FAF7C9F805E0FAF789
:1060C00038F942464B46FAF734F904460E460022A8
:1060D000284BFAF70DFC03D84FF0FF30014607E0DC
:1060E0000022254B20463146FAF72BFBFAF7E7FB57
:1060F000102409E0002C0ADB0A220023FAF708FA30
:10610000039B30321A55641E50EA0102F2D1641C1E
:10611000039AC4F111031444119A012A03D00122F5
:1061200008430DD10AE0084304D000204FF0110BC2
:10613000119072E7A3EB0B056D1E0DE05B4504DDCE
:106140004FF0000205F1010504E003DA4FF0000210
:10615000A5F10105002AECD002981199C0E902319D
:10616000C0E9004579E70000000014400000F03F5E
:10617000300000000000F0430000E03F2DE9FF4F39
:1061800095B09B468946064600250FE2252877D123
:1061900000242746F84A0121059400E0044316F83C
:1061A000013F203B01FA03F01042F7D130782A2852
:1061B00011D06FF02F033078A0F13002092A16D8E1
:1061C000059A44F0020402EB820203EB42021044FF
:1061D000761C0590EFE759F8042B0592002A03DAA4
:1061E000504244F40054059044F00204761C307888
:1061F0002E2816D116F8010F44F004042A280DD0D9
:106200006FF02F023078A0F13003092B09D807EB8B
:10621000870302EB4303C718761CF3E759F8047BA6
:10622000761C30786C280FD006DC4C2817D06828F4
:106230000DD06A2814D104E0742810D07A280FD128
:106240000DE044F400140AE044F4801401E044F446
:1062500040147278824202D104F58014761C761CB8
:10626000307866280BD013DC582877D009DC00285A
:1062700075D04528F6D04628F4D047281AD19DE19C
:1062800018E0632835D0642879D0652812D195E1CB
:10629000702873D008DC6728F1D069286FD06E2889
:1062A0000DD06F2806D1B5E073282CD0752875D095
:1062B000782874D05A46179990476D1C75E1C4F33D
:1062C0000250022809D003280DD0D9F80010042864
:1062D0000DD00D6009F1040967E1D9F80010EA1743
:1062E000C1E90052F6E7D9F800100D80F2E70D7011
:1062F000F0E719F8041B8DF8001000208DF801005C
:10630000EA46012003E059F804AB4FF0FF30610783
:106310004FF0000102D40DE008F101018846B942B6
:106320000FDA8045F8DB1AF808100029F4D108E0EC
:1063300008F1010188468142FADB1AF808100029A9
:10634000F6D105985B46A0EB080721463846179A18
:1063500000F094FA284400EB080507E04DE029E13D
:106360000DE01AF8010B5A4617999047B8F1010849
:10637000F7D25B4621463846179A13E142E00A22DB
:106380000092C4F302524FF0000A022A08D059F8D2
:1063900004CB032A4FEAEC710AD00DE029E02AE091
:1063A00009F1070121F00702F2E802C1914609E074
:1063B0000FFA8CFC4FEAEC71042A03D14FFA8CFCE3
:1063C0004FEAEC71002907DA0A460021DCF1000CE3
:1063D00061EB02012D2202E0220504D52B228DF86B
:1063E0000420012203E0E20701D02022F7E79046D3
:1063F00059E00A2102E010220DE010214FF0000ABE
:1064000000910BE010224FF0000A44F0040408272A
:10641000009203E008224FF0000A0092C4F30252F7
:10642000022A05D059F804CB0021032A08D009E03C
:1064300009F1070121F00702F2E802C1914605E0E7
:106440001FFA8CFC042A01D10CF0FF0C4FF000085D
:10645000220728D5702806D0009B83F0100353EA4A
:106460000A0305D00EE040228DF80420012208E046
:106470005CEA010206D030228DF804208DF8050078
:1064800002229046009B83F0080353EA0A030AD1D4
:106490005CEA010201D1620705D530228DF80420A3
:1064A0004FF001087F1E582804D034A003900EA896
:1064B00002900DE036A0F9E753466046009AFAF7DD
:1064C00027F884460398825C0298401E029002706E
:1064D0005CEA0100F0D1029806A9081A00F1200A2E
:1064E000600702D524F4803400E00127574502DD1F
:1064F000A7EB0A0000E0002000EB0A0100900598DD
:106500004144401A0590E00306D45B462146179AA1
:10651000059800F0B3F90544002706E001A85A46A3
:10652000C05D179990476D1C7F1C4745F6DBE00363
:106530000CD55B462146179A059800F09FF9054453
:1065400004E030205A46179990476D1C0099481E68
:1065500000900029F5DC08E0029802995A4600787C
:10656000491C0291179990476D1CBAF10001AAF1DC
:10657000010AF1DC65E10000092801003031323305
:10658000343536373839616263646566000000006F
:106590003031323334353637383941424344454659
:1065A0000000000000F058F90544761C30780028FF
:1065B0007FF4ECAD19B02846BDE8F08F620700D437
:1065C000062709F1070222F0070CFCE80223E14646
:1065D00003F000485FEA080C02D00FF2702C0DE0C7
:1065E0005FEA045C02D50FF2682C07E05FEAC47C26
:1065F00002D00FF2602C01E0AFF2700C4FF0FF38C8
:1066000023F00043CDF850C065280CD006DC4528A7
:1066100009D046281DD047283DD13DE0662818D036
:1066200067287ED138E00021112F01DB112000E026
:10663000781CCDE9000106A90EA8FFF7DDFCDDE915
:106640000F010E9A03910021009207F1010A0491B3
:106650004DE04FF000400097CDE9011006A90EA8CB
:10666000FFF7CAFCDDE90F0203920E9B119900228D
:10667000DDF80CA00093049211B9791C00EB010A1B
:10668000B7EB0A0004D4C0F1FF3007F1010A04900F
:10669000AAEB0700019044E0012F00DA0127002156
:1066A000112F01DD112000E03846CDE9000106A9D7
:1066B0000EA8FFF7A1FCDDE90F010E9A039100215E
:1066C00004910092BA4621070CD40399514500DA8F
:1066D0008A46BAF1010F05DD009AAAF10101515C69
:1066E000302908D0B84202DA10F1040F06DA01218D
:1066F000CDE9011015E0AAF10101E9E7002805DC68
:10670000049901440491AAEB000102E0411C5145A7
:1067100000DD8A460499401A401C01904FF0004069
:106720000290200704D40198504501DBCDF8048085
:1067300000208DF84F0002980DF14F07B0F1004F87
:1067400025D02B200E9002984FF0020800280CDA7A
:10675000404202902D200E9007E00A210298F9F79E
:10676000C1FE3031029007F8011DB8F10001A8F117
:106770000108F2DC02980028EFD1791E0E9808700B
:10678000307800F0200040F0450007F8020D12A814
:10679000C01B00F107081498007800B1012000EB3D
:1067A0000A01019801EBE07105984144401A401E2E
:1067B0000590E00306D45B462146179A059800F041
:1067C0005DF805441498007818B15A461799904717
:1067D0006D1CE00324D55B462146179A059800F00E
:1067E0004DF805441CE00498002807DBDDE90301AF
:1067F000884203DD0098405C179901E0179930202A
:106800005A469047049805F10105401C04900198F0
:10681000401E019004D12E205A46179990476D1CB6
:10682000BAF10001AAF1010ADDDC05E017F8010B5D
:106830005A46179990476D1CB8F10001A8F101085C
:10684000F4DC5B462146179A0598ABE62D00000064
:106850002B000000200000002DE9F0410446002537
:106860001E461746880404D405E039462020B04768
:106870006D1C641EF9D52846BDE8F0812DE9F04174
:10688000044600251E469046C80301D5302700E087
:106890002027880404D505E041463846B0476D1CE2
:1068A000641EF9D52846BDE8F0810A68531C0B60C8
:1068B000107070472DE9F041FAF7BAFAFAF7BCFA0E
:1068C00072488079724908607048C07971490860DF
:1068D00071488079714908606F48C07970490860D3
:1068E0000A2270497048F9F779FC704908600A2259
:1068F0006F496C480068F9F771FC6E4908600A221C
:106900006D496B480068F9F769FC6C4908600A2218
:106910006B4969480068F9F761FC6A4908600A2216
:10692000694967480068F9F759FC684908600A2214
:10693000674965480068F9F751FC664908600A2212
:10694000654963480068F9F749FC644948600A22D0
:10695000634961480068F9F741FC604908600A2210
:1069600060495F480068F9F739FC5F4948600A22CE
:106970005E495C480068F9F731FC5B4908600A220F
:106980005B495A480068F9F729FC5A4908600A220D
:10699000594957480068F9F721FC584908600F2207
:1069A000554801685648F9F70DFC464800685549B6
:1069B00090FBF1F04949C8604248006842F210710A
:1069C00090FBF1F0642190FBF1F201FB12004349CE
:1069D00088603C480068642190FBF1F090FBF1F284
:1069E00001FB12004049C86036480068642190FBF2
:1069F000F1F201FB12003C498860344800686421D0
:106A000090FBF1F03549086130480068642190FB43
:106A1000F1F201FB1200314948612E4800686421FF
:106A200090FBF1F0304908612A480068642190FB2E
:106A3000F1F201FB12002C4948610A223249334825
:106A4000F9F7CCFB324908600A2232492E48006827
:106A5000F9F7C4FB30490860084600682F498842AE
:106A600002DD08462C4908602B480068F9F7D0FC85
:106A7000064600222A4BF9F7EAFB04460022294B7E
:106A8000F9F757FC284A03C2BDE8F0811B3C0020FF
:106A9000343C0020383C0020233C00203C3C0020BB
:106AA000403C00205C3C0020403F0020443C002053
:106AB000603C0020483C0020643C00204C3C00200E
:106AC000683C0020503C00206C3C0020543C0020DE
:106AD000703C0020583C0020743C0020103F0020F7
:106AE000783C00207C3C0020283F0020803C002097
:106AF000843C0020C43C0020883C0020C83C00208E
:106B0000F03E002040420F008C3C0020903F0020CF
:106B1000B03C0020903C0020A43C00207056801D1A
:106B20000000F03F0088C340A83C002013B50C468D
:106B30004FF6FF73012269460248FCF795FB009867
:106B40001CBD0000C440002010B5002211461046B4
:106B5000FDF74EF8012200211020FDF749F802222E
:106B600000212020FDF744F8032200213020FDF70A
:106B70003FF84FF47A70FAF719FD05220221002040
:106B8000FDF736F8062202211020FDF731F8072222
:106B900002212020FDF72CF8082202213020FDF7E9
:106BA00027F8092202214020FDF722F80A220221BB
:106BB0005020FDF71DF80B2202216020FDF718F888
:106BC0004FF47A70FAF7F2FC822204210020FDF7DC
:106BD0000FF8832204211020FDF70AF85522042122
:106BE0002020FDF705F8292204213020FDF700F8C8
:106BF0002A2204214020FCF7FBFF2B2204215020F5
:106C0000FCF7F6FF4FF47A70FAF7D0FC1022062159
:106C10000020FCF7EDFF112206211020FCF7E8FF11
:106C2000122206212020FCF7E3FF13220621302048
:106C3000FCF7DEFF142206214020FCF7D9FF1522C5
:106C400006215020FCF7D4FF4FF47A70FAF7AEFC1F
:106C5000FCF75CFF162200210846FCF7C9FF192249
:106C600000211020FCF7C4FF1A2200212020FCF78D
:106C7000BFFF1B2200213020FCF7BAFF1D2200219C
:106C80004020FCF7B5FF4FF47A70FAF78FFC0C2226
:106C900002210020FCF7ACFF0D2202211020FCF79E
:106CA000A7FF0E2202212020FCF7A2FF0F220221C3
:106CB0003020FCF79DFF162202214020FCF798FFB0
:106CC000172202215020FCF793FF18220221602096
:106CD000FCF78EFF10BD000008B5FBF719F8FDF7B3
:106CE0009AF9FCF727FDFCF7F3FCFCF7EDFDFCF748
:106CF0007FFEFCF7B3FEFCF7CDFEFCF7E7FEFCF7EA
:106D000001FE00224FF40071FE48FAF715FE40F62E
:106D1000B830FAF74BFCFCF715FFFCF7F7FEFA4822
:106D20000068C06840F01000F7490968C860502248
:106D3000F649F548FCF780FAF5480068C06840F06D
:106D40001000F3490968C8605022F249F048FCF786
:106D500073FA0421F048FBF7C9FEFFF7F5FE0020A7
:106D6000EE4908607EE00A22ED49E848F9F736FA74
:106D7000EC4908600A22EC49E9480068F9F72EFA64
:106D8000EA4908600A22EA49E7480068F9F726FA62
:106D9000E84908600A22E849E5480068F9F71EFA60
:106DA000E64908600A22E649E3480068F9F716FA5E
:106DB000E44908600A22E449E1480068F9F70EFA5C
:106DC000E24908600A22E249DF480068F9F706FA5A
:106DD000E04948600A22E049DD480068F9F7FEF919
:106DE000DC4908600A22DD49DB480068F9F7F6F95A
:106DF000DB4948600A22DB49D8480068F9F7EEF918
:106E0000D74908600A22D849D6480068F9F7E6F958
:106E1000D64908600A22D649D3480068F9F7DEF956
:106E2000D44908604FF4FA70FAF7C0FBFAF700F89B
:106E3000FAF702F8102002230090B84819460268B9
:106E40007020FCF755FFC9480168042001F0AFF835
:106E5000C8480168062001F053F8B0480068401C9B
:106E6000AE490860AD4800681428FFF67CAFFCF717
:106E70004DFE7EE24FF40071A248FAF753FDFFF792
:106E800019FD01F07FF9BC480068A84909688842EB
:106E90000CD900224FF40061B848FAF74DFD0022EA
:106EA0004FF48051B548FAF747FD09E00122D102BD
:106EB000B248FAF741FD01221103B048FAF73CFD50
:106EC000AF480078401CAE490870AE480068401CCE
:106ED000AC490860AC480068401CAB4908604FF4FE
:106EE0000071A648FAF716FDC8B94FF48041A748CB
:106EF000FAF710FD98B901220021A548006800F0BA
:106F0000C1FFA34908600120A249087000220121A5
:106F10009E48FAF711FD01209F4908700FE00022FA
:106F200011469B48006800F0ADFF994908600122B6
:106F300011469648FAF700FD0020974908704FF473
:106F400080718E48FAF7E6FCC8B94FF400518F48BB
:106F5000FAF7E0FC98B9012211468D48006800F06C
:106F600091FF8B49086001208A49087000220221A4
:106F70008648FAF7E1FC0120884908700FE00022FA
:106F800001218348006800F07DFF814908600122EB
:106F900002217E48FAF7D0FC002080490870802149
:106FA0007648FAF7B7FCC8B94FF480517748FAF73A
:106FB000B1FC98B9012202217548006800F062FF17
:106FC00073490860012073490870002204216F484A
:106FD000FAF7B2FC0120724908700FE0002202218A
:106FE0006B48006800F04EFF6949086001220421E7
:106FF0006648FAF7A1FC00206949087040215F4803
:10700000FAF788FCC8B94FF400616048FAF782FCCF
:1070100098B9012203215E48006800F033FF5C4903
:10702000086001205B490870002208215748FAF7E0
:1070300083FC01205B4908700FE0002203215448C3
:10704000006800F01FFF52490860012208214F48E4
:10705000FAF772FC0020534908704FF400414B4886
:10706000FAF758FCC8B94FF480614848FAF752FC67
:1070700098B9012204214648006800F003FF444902
:107080000860012043490870012210213F48FAF7A7
:1070900053FC0120444908700FE0002204213C48C1
:1070A000006800F0EFFE3A490860002210213748DE
:1070B000FAF742FC00203C4908703C48006840B99F
:1070C000012205213248006800F0DCFE30490860EA
:1070D00007E0002205212E48006800F0D3FE2C496D
:1070E00008602D48007858B92C48007840B92C48E1
:1070F000007828B92B48007810B92B48007857E061
:107100005AE00000000C0140C4400020403F002035
:107110000C410020903F002034400020D03C002053
:107120005C3C0020443C0020603C0020483C0020A7
:10713000643C00204C3C0020683C0020503C002077
:107140006C3C0020543C0020703C0020583C002047
:10715000743C0020103F0020783C00207C3C002044
:10716000283F0020803C0020843C0020C43C0020BC
:10717000883C0020C83C0020343C00200010014026
:107180009A3C0020B43C0020BC3C0020001401408C
:10719000A03C0020943C0020953C0020963C002020
:1071A000973C0020983C0020993C0020B03C0020F7
:1071B00010B900206F4908706E48007800287DD112
:1071C0006D48006800287ED16C480068E8B36B48C1
:1071D00000680A2190FBF1F090FBF1F201FB120034
:1071E000012805D1002204216548FAF7A5FB04E037
:1071F000012204216248FAF79FFB6048006864217D
:1072000090FBF1F00A2190FBF1F201FB1200012842
:1072100005D1002208215A48FAF78EFB04E001222A
:1072200008215748FAF788FB544800684FF47A71F0
:1072300090FBF1F00A2190FBF1F201FB1200012812
:1072400007D1002220214E4800E020E0FAF774FB2D
:1072500004E0012220214A48FAF76EFB4748006803
:1072600042F2107190FBF1F00A2190FBF1F201FB68
:107270001200012805D1002210214148FAF75CFBD9
:1072800009E0012210213E48FAF756FB03E03D4891
:10729000006800F08DFD012280213B48FAF74CFB8D
:1072A0000A203A490860002210213948FAF744FBC5
:1072B000002208213648FAF73FFB00E003E00020F7
:1072C0003449096888632B480078012832D10022AC
:1072D00004212B48FAF730FB002208212848FAF74E
:1072E0002BFB002220212648FAF726FB0022102142
:1072F0002348FAF721FB002280212348FAF71CFBE0
:1073000022480068401E214908600846006888B984
:10731000012210211E48FAF70FFB002208211C4809
:10732000FAF70AFB4FF461701A4909688863012073
:10733000164908601848006804281AD117480268DE
:107340001748016817A0FEF773FD154818A10268D9
:107350001848FEF77DFD18A11648F8F727FF4FF6ED
:10736000FF730D2213491548FBF77EFF00200A49E1
:1073700008607FE5943C0020CC3C0020443C002089
:10738000001801404C3C0020001401409C3C0020AF
:10739000000C014034400020B43C0020A43C0020FC
:1073A000A03C0020253039642025640D0A0000002F
:1073B00025640000003F00200D0A00005441002019
:1073C00010B50246012000E050430B1EA1F101045C
:1073D000E1B2F9D110BD00002DE9F04D1D460C467B
:1073E00098B0174621F0004123F00043002814BF55
:1073F0004FF0010C4FF0000C0CEB440CFE4A0CEB70
:1074000002064FEA620C66452BD33E0018BF0126E8
:1074100006EB45061644F94A964222D3F84A53EA47
:10742000070C02D0944205D148B918B0002011468B
:10743000BDE8F08D002808BF4FF0000C01D04FF0E0
:10744000010C0CEB440212F5001F0AD8002F14BFE8
:107450004FF0010C4FF0000C0CEB450212F5001F31
:1074600007D918B03A462B462146BDE8F04DFEF745
:1074700095BD0022DFF88CA3002CB8BF534526DA57
:10748000DFF884C36345A8BF022220DADFF870C3A7
:107490009C451CDCDFF874C30CEB235CBCF1140FBF
:1074A00008DDCCF1340627FA06FC0CFA06F6BE42DB
:1074B0000DD108E05FB9CCF1140623FA06FC0CFAF2
:1074C00006F69E4203D10CF00102C2F1020251EA1B
:1074D000000C19D1002D17DA002C18BF022A01D098
:1074E000012A07D00220FEF781FD18B0BDE8F04D5B
:1074F000FEF74CBD0220FEF779FDFEF747FD18B000
:1075000081F00041BDE8F08DB7F1000C6CD153451E
:1075100025D104F1804212F5801201BF002800201D
:10752000B74918B008BFBDE8F08DB548884207DC00
:10753000002DA1BF6046294618B0BDE8F08D07E0D8
:10754000281E05DA80F0004118B06046BDE8F08DD5
:10755000AF497944D1E9000118B0BDE8F08DDFF8FA
:10756000A0C2634525D1002D1FDA19B1514512D1B2
:10757000D8B909E0002840F0EC82A24A214618B0B0
:1075800062F31E01BDE8F08D0020214618B060F3C3
:107590001E01BDE8F08D08DA18B02346BDE8F04DB5
:1075A000024600206146F8F7C4BE18B02146BDE887
:1075B000F08D514518DAB5F1804F0DD0A5F1005C82
:1075C000BCF1FF5C10D1B4F1000C0DDB18B06146CA
:1075D000BDE8F04D00F0B0BD234618B00246BDE84E
:1075E000F04D1946F8F733BE060024F0004C3BD1AD
:1075F000D9B1514533D1002C06DD002DA1BF0020AB
:10760000514618B0BDE8F08D002C01DD002D1BDBCC
:10761000002C13DA002D11DB012A4FF0000014BFFB
:1076200078497C4918B0BDE8F08D022A18BF002CBB
:107630000AD0012A08D1002C06DA0AE0002CB8BFD3
:10764000002D11DA012A04D0002018B00146BDE84F
:10765000F08D18B000204FF00041BDE8F08DA1F191
:107660004050B0F17F601AD0012000EBE47050EA86
:10767000020421D0624C521E4FF0000B104304BF95
:107680004FF0000B644C654883427CDD644A6548DA
:1076900093421FDD884217DB002D25DB37E0002CED
:1076A00000DA4AB1022A0CBF01204FF0FF3018B0B7
:1076B000BDE8F04DF8F7ACBE0120FEF797FC18B01E
:1076C000BDE8F04DFEF76CBC4D4A8A4202DC002D4D
:1076D0000ADC1CE0814202DA002D18DA04E0484B93
:1076E000994220DD002D12DD0220FEF77FFCFEF71F
:1076F0005DFC05460E460022534658462146F8F7E3
:10770000A6FD18B066F31E012846BDE8F08D0220E4
:10771000FEF76CFCFEF752FC0A46214618B062F3F5
:107720001E01BDE8F08D002230466146F9F7AAF847
:1077300080460E466FF00102F9F7AAF84FF0553275
:10774000394BF9F7A2F842463346F8F780FD00229C
:10775000364BF9F79AF88246424633460491104672
:107760001946F8F774FD5246049BF8F770FD8A46F7
:1077700000904FF0C0422E4B40463146F8F767FD6F
:107780002C4A2B4B00E027E0CDE90601514600983A
:10779000F8F75DFD82460191274A284B4046314665
:1077A000F8F755FD5246019BF9F76CF882460B46F7
:1077B00002460591DDE90601F8F7C3FFDDE906237E
:1077C000002688463046F9F75DF85246059BF9F7E2
:1077D0005CF8024600F07EB90020B1F5801F07DAA0
:1077E000352230466146F9F753F806466FF034000B
:1077F00000EB215024E00000FFFF1F00FFFF0F00FF
:107800000000F03F0000F07F0000404301FCFFFF5C
:107810000A1900000000F0FF0000F0BF0000E04186
:107820000000F043FFFFEF3F5555D53F0000E03F1C
:107830004715F73FFE822B6544DF5DF80BAE543EE3
:10784000A0F2FF300190C1F3130040F07F6141F0DE
:1078500040510291FE498842D8BF002004DDFD4915
:107860008142C8BF012001DD0D9008E000200D908D
:107870000198401C01900298A0F580100290029996
:10788000F54878440B910D9900EBC100D0E9002335
:107890000F9330460A920B99F8F7F4FFCDE90601F1
:1078A000DDE90A2130460F9BF8F74BFF02460B46F5
:1078B0000020EA49F8F73DFD059102460B4600908D
:1078C000DDE90601F8F7C3FC1490E5488A464FF05D
:1078D000000878440299006812904FF0005040EA86
:1078E00061010D980F9B01EB804000F5002109918B
:1078F0000A9A1298F8F7C6FF32460B9BF8F7C5FFB5
:1079000042465346F8F7A3FC0646029140465146CC
:10791000099B129AF8F79BFCDDE90623F8F7B5FFFF
:107920003246029BF8F7AEFF059B009AF8F78FFCF2
:107930000091149A0490534610461946F8F787FCB4
:1079400006460246C7480B46029106217844FEF7D8
:10795000C7FACDE90510029B324610461946F8F7E2
:1079600076FCDDE90532F8F772FC059106465346D0
:1079700040461946149AF8F7E4FE009B049AF8F77B
:1079800066FC3246059BF8F7DCFECDE90510424661
:10799000534610461946F8F75AFC0022B24B0291A2
:1079A0000A90F8F7CEFEDDE90532F8F7CAFE0E467A
:1079B0004246AD4B4046F8F765FF029B0A9AF8F73E
:1079C00061FFDDE90532F8F760FF424602910A9057
:1079D000334610465146F8F73AFCCDE906015346C6
:1079E000149A02990A98F8F732FC8A4602903346B4
:1079F000424600990498F8F72AFC5346029AF8F791
:107A0000A0FE82460B4602460591DDE90601F8F725
:107A100098FEDDE90623002088460646F8F732FF87
:107A20005246059BF8F731FF824609914FF06042BC
:107A30008E4B30464146F8F70AFC049006918C4A7A
:107A40008A4B50460999F8F702FC82460291894A0E
:107A5000894B30464146F8F7FAFB5246029BF8F74D
:107A600070FE864B7B440D9A03EBC203D3E90023DF
:107A7000F8F767FE0E9007910198F8F7C9FC059199
:107A8000DDE9061382460E9A0498F8F75AFE7C4AFE
:107A90007A440D9B02EBC303D3E9002300930292C7
:107AA000F8F74FFE5246059BF8F74BFE0026884636
:107AB00052463046059BF8F7E5FE009B029AF8F720
:107AC000E1FE069B049AF8F7DDFE079B0E9AF8F795
:107AD000DCFE024600200B46029038462946F8F7A5
:107AE000B6FB824601912B4638461946029AF8F7B2
:107AF000C9FE32464346F8F7AAFB5246019BF8F707
:107B000020FE07468A463246434629460298F8F741
:107B10009EFB05460E463A465346F8F712FE594A72
:107B20008846914221DBA8EB020353EA000210D100
:107B30002A463346F8F7A6FECDE90401524A534BD4
:107B400038465146F8F7FDFDDDE90423F8F7D0FE8D
:107B500021D20220FEF74AFAFEF728FA0A46214609
:107B600018B062F31E01BDE8F08D494B28F00042C9
:107B70009A4210D3474A08EB020353EA00027FF40B
:107B8000C6AD2A463346F8F77DFE3A465346F8F727
:107B9000AFFE7FF6BCAD0022019228F000403E49C6
:107BA0003E4A01EB2051824223DA481C4FF48011F7
:107BB00021FA00F040443A4AC0F30A517A44394B62
:107BC000A1F2FF31CB4020EA0303C0F3130040F4DD
:107BD0008010C1F11401C84012680190B8F1000F83
:107BE000BCBF4042019028463146F8F74BFE05469F
:107BF0000E462A46334638465146F8F7A2FD4FF066
:107C000000084246284B40460591F8F720FBCDE995
:107C10000601264A264B40460599F8F718FB0091C5
:107C200002902A46334640460599F8F72BFE3A461D
:107C30005346F8F72AFE1F4A1F4BF8F708FB009B34
:107C4000029AF8F77EFD0746884602460B4635E065
:107C50008E9803007AB60B00521500000000F03F2A
:107C60008A150000B81400000000084009C7EE3F64
:107C7000FD033ADCF5015B14E02F3EBE90130000DB
:107C80005413000000009040FE822B654715973C7E
:107C900000CC904000346F3F01FCFFFF0000E03F4C
:107CA000A0120000FFFF0F00432EE63F396CA80C26
:107CB000615C20BEEF39FAFE422EE63FDDE90601A7
:107CC000F8F73FFDDDE9062305460E46F8F7DAFD35
:107CD0003A464346F8F7D9FD0F462A463346009008
:107CE00010461946F8F7B3FA824602462E488846EF
:107CF0000B4605217844FEF7F3F852464346F8F761
:107D0000A6FA2A463346F8F7C0FD80468A463B4627
:107D100028463146009AF8F79AFA3B46009AF8F757
:107D200010FD0691009000224FF0804340465146DE
:107D3000F8F7A8FD0F460C904246534628463146B8
:107D4000F8F785FA3B460C9AF8F7F3FA069B009A87
:107D5000F8F798FD2A463346F8F794FD0022134BB6
:107D6000F8F793FD054601980E4601EB0051081502
:107D7000002810DC28463146019AF8F789FDFEF705
:107D80007BF8042808BFFEF719F928463146019A06
:107D9000F8F77EFD05460B4618B02A4658462146A0
:107DA000BDE8F04DF8F753BA401100000000F03F75
:107DB00010B50446062C16DD102C14DA012204211D
:107DC0002D48F9F7B9FD012208212B48F9F7B4FD38
:107DD000012220212848F9F7AFFD01221021264871
:107DE000F9F7AAFD47E04FF400712448F9F792FD36
:107DF000012805D1002204211F48F9F79DFD04E068
:107E0000012204211C48F9F797FD4FF480711B48AB
:107E1000F9F780FD012805D1002208211648F9F75D
:107E20008BFD04E0012208211348F9F785FD4FF48A
:107E300000411348F9F76EFD012805D100222021E9
:107E40000D48F9F779FD04E0012220210A48F9F7ED
:107E500073FD4FF480410A48F9F75CFD012805D114
:107E6000002210210448F9F767FD04E001221021E7
:107E70000148F9F761FD10BD0018014000140140F0
:107E8000000C01402DE9FC4704460E4691464FF098
:107E9000000A3046F8F7BCFA07463A460B4600207F
:107EA0000A49FFF799FACDE90001F8F7C2FA054649
:107EB00094FBF5F00A2190FBF1F201FB120000FBAC
:107EC000154A09FB05AA5046BDE8FC87000024407E
:107ED0000246114613460AB90020704700E0491CCB
:107EE000087810B108782028F9D003E011F8010BC8
:107EF00003F8010B08780028F8D118701046ECE759
:107F000070B504460D46E1B200221046FBF784FF2F
:107F1000E1B201221020FBF77FFFE1B20422202012
:107F2000FBF77AFF15B1012D2AD114E0E1B2052249
:107F30003020FBF771FFE1B206224020FBF76CFF17
:107F4000E1B209225020FBF767FFE1B20A2260206C
:107F5000FBF762FF29E0E1B205223020FBF75CFF6E
:107F6000E1B206224020FBF757FFE1B20722502082
:107F7000FBF752FFE1B208226020FBF74DFF14E04F
:107F8000E1B20B223020FBF747FFE1B20C22402088
:107F9000FBF742FFE1B20D225020FBF73DFFE1B2BB
:107FA0000E226020FBF738FF00BF00BF70BD70B528
:107FB00004460D46E1B220220020FBF785FFE1B226
:107FC00021221020FBF780FFE1B21A222020FBF7CC
:107FD0007BFF072D6ED2DFE805F004192E43586EA3
:107FE0008300E1B200223020FBF76EFFE1B20122F4
:107FF0004020FBF769FFE1B202225020FBF764FF4B
:10800000E1B203226020FBF75FFF93E0E1B20422BC
:108010003020FBF759FFE1B205224020FBF754FF67
:10802000E1B206225020FBF74FFFE1B207226020A9
:10803000FBF74AFF7EE0E1B21B223020FBF744FF52
:10804000E1B21B224020FBF73FFFE1B21B22502090
:10805000FBF73AFFE1B21B226020FBF735FF69E036
:10806000E1B208223020FBF72FFFE1B209224020C5
:10807000FBF72AFFE1B20A225020FBF725FFE1B20D
:108080000B226020FBF720FF54E0E1B20C223020ED
:10809000FBF71AFFE1B20D224020FBF715FFE1B21A
:1080A0000E225020FBF710FFE1B20F226020FBF7F9
:1080B0000BFF3FE029E0E1B210223020FBF704FF84
:1080C000E1B211224020FBF7FFFEE1B21222502064
:1080D000FBF7FAFEE1B213226020FBF7F5FE29E080
:1080E000E1B214223020FBF7EFFEE1B2152240206E
:1080F000FBF7EAFEE1B216225020FBF7E5FEE1B203
:1081000017226020FBF7E0FE14E0E1B21C223020D1
:10811000FBF7DAFEE1B21D224020FBF7D5FEE1B20B
:108120001E225020FBF7D0FEE1B21F226020FBF799
:10813000CBFE00BF00BF70BD2DE9F04106460F46E3
:10814000F8F72FFC041E0D4618BF0120284320F02D
:108150000040C0F17F6000F1E040C00F0ED0301C45
:1081600018BF0120384320F00040C0F17F6000F1CB
:10817000E040C00F04BF0120FDF738FF204629462C
:10818000BDE8F08138B5EF4800680F285EDAEE48A8
:10819000006820B9FBF7BAFC0120EB490860EB4806
:1081A00001680020FFF703FFE94801680220FFF79C
:1081B000A7FE4F2204210020FBF71AFD50220421C4
:1081C0001020FBF715FD512204212020FBF710FDA4
:1081D000552204213020FBF70BFDDE48006830B942
:1081E0001023DDA204214020FBF7C6FD14E0D9488E
:1081F0000068012806D11023D9A204214020FBF7F2
:10820000BBFD09E0D3480068022805D11023D6A29F
:1082100004214020FBF7B0FD522206210020FBF78D
:10822000E7FC532206211020FBF7E2FC5422062132
:108230002020FBF7DDFCCE4903C9F8F72CF90446F2
:108240001023224606213020FBF7AAFCBD48006817
:108250000F2867DBBB4800681E2863DABA4800684D
:10826000012804D1FBF752FC0020B7490860C1483F
:10827000FFF72EFE04461023224600210846FBF796
:108280007BFD562202210020FBF7B2FC582202217E
:108290001020FBF7ADFC552202212020FBF7A8FCA3
:1082A000B5480221C2683020FCF7CEFB59220421D8
:1082B0000020FBF79DFC622204211020FBF798FCB4
:1082C00010200090AC480223042142682020FBF7D4
:1082D000D5FD10232D2204213820FBF7BBFC1020F4
:1082E0000090A5480223042102684020FBF7C6FD48
:1082F0001023432204215820FBF7ACFC9E480621A2
:1083000002690020FDF7D1FC102000909A4802235A
:10831000062142693020FBF7EBFC5F22062140205A
:10832000FBF766FC874800681E2866DB8548006806
:108330002D2862DA8448006820B9FBF7E7FB0120AA
:10834000814908608B48FFF7C3FD0446102322468D
:1083500000210846FBF710FD572202210020FBF701
:1083600047FC582202211020FBF742FC5522022133
:108370002020FBF73DFC81480221C2683020FCF739
:1083800063FB592204210020FBF732FC6222042106
:108390001020FBF72DFC10200090784802230421C8
:1083A00042682020FBF76AFD10232D22042138208B
:1083B000FBF750FC10200090704802230421026853
:1083C0004020FBF75BFD1023432204215820FBF7DC
:1083D00041FC6A48062102690020FDF766FC102076
:1083E000009066480223062142693020FBF780FC9A
:1083F0005F2206214020FBF7FBFB524800682D2836
:108400007EDB504800683C287ADA4F480068012833
:1084100004D1FBF77BFB00204B4908605548FFF770
:1084200057FD04461023224600210846FBF7A4FC12
:108430007E2202210020FBF7DBFB7F22022110209D
:10844000FBF7D6FB802202212020FBF7D1FB812203
:1084500002213020FBF7CCFB10200223009048487B
:10846000194602684020FBF743FC7A2204210020D1
:10847000FBF7BEFB7B2204211020FBF7B9FB622235
:1084800004212020FBF7B4FB5B2204213020FBF702
:10849000AFFB1020022300903A48042102684020DC
:1084A000FBF726FC5A2204215020FBF7A1FB5B229C
:1084B00004216020FBF79CFB10200223009032482F
:1084C000042102687020FBF713FC7C2206210020A7
:1084D000FBF78EFB7D2206211020FBF789FB622231
:1084E00006212020FBF784FB5B2206213020FBF7CE
:1084F0007FFB10200223009024480621026800E040
:1085000015E04020FBF7F4FB5A2206215020FBF730
:108510006FFB5B2206216020FBF76AFB1020022321
:1085200000901B48062102687020FBF7E1FB05481C
:1085300000683C2804DB002002490860024908600A
:1085400038BD0000BC3C0020C03C0020C43C0020E2
:10855000C83C0020B03C00206572726F72000000C1
:10856000636C6F736500000020206F6B20000000BB
:10857000A83C0020F03E0020103F0020283F0020B3
:10858000483C0020343C0020383C00203C3C00208B
:10859000403C00200000000000000000002F000010
:1085A00000000700070000147F147F1400242A7FB6
:1085B0002A12006264081323003649552250000035
:1085C0000503000000001C224100000041221C00A5
:1085D0000014083E08140008083E0808000000A027
:1085E0006000000808080808000060600000002023
:1085F00010080402003E5149453E0000427F400001
:10860000004261514946002141454B310018141286
:108610007F10002745454539003C4A494930000153
:108620007109050300364949493600064949291EA2
:108630000000363600000000563600000008142204
:108640004100001414141414000041221408000204
:108650000151090600324959513E007C1211127C29
:10866000007F49494936003E41414122007F414156
:10867000221C007F49494941007F09090901003E48
:108680004149497A007F0808087F0000417F410086
:10869000002040413F01007F08142241007F4040FC
:1086A0004040007F020C027F007F0408107F003EE4
:1086B0004141413E007F09090906003E4151215ECA
:1086C000007F091929460046494949310001017FC7
:1086D0000101003F4040403F001F2040201F003F5D
:1086E0004038403F0063140814630007087008070F
:1086F00000615149454300007F41410000552A5522
:108700002A55000041417F0000040201020400409C
:1087100040404040000001020400002054545478BE
:10872000007F4844443800384444442000384444DE
:10873000487F00385454541800087E09010200187C
:10874000A4A4A47C007F080404780000447D4000B9
:10875000004080847D00007F102844000000417F9D
:108760004000007C04180478007C08040478003879
:108770004444443800FC242424180018242418FC01
:10878000007C0804040800485454542000043F446A
:108790004020003C4040207C001C2040201C003C2D
:1087A0004030403C004428102844001CA0A0A07C7D
:1087B000004464544C4414141414141400000000B5
:1087C000000000000000000000000000000000F8B1
:1087D00000000000000000333000000000100C0614
:1087E000100C0600000000000000000040C07840AF
:1087F000C0784000043F04043F040400007088FC7B
:1088000008300000001820FF211E0000F008F000D2
:10881000E018000000211C031E211E0000F0088843
:10882000700000001E2123241927211010160E00AD
:10883000000000000000000000000000000000E058
:10884000180402000000000718204000000204186D
:10885000E00000000040201807000000404080F0C9
:10886000804040000202010F01020200000000F0FF
:10887000000000000101011F0101010000000000D3
:108880000000000080B07000000000000000000048
:1088900000000000000101010101010100000000D1
:1088A0000000000000303000000000000000000068
:1088B00080601804006018060100000000E0100845
:1088C0000810E000000F102020100F00001010F81A
:1088D000000000000020203F202000000070080859
:1088E00008887000003028242221300000300888D9
:1088F000884830000018202020110E000000C02001
:1089000010F8000000070424243F240000F8088821
:10891000880808000019212020110E0000E01088AE
:1089200088180000000F112020110E0000380808E0
:10893000C83808000000003F0000000000708808F0
:1089400008887000001C222121221C0000E0100871
:108950000810E0000000312222110F00000000C0CA
:10896000C000000000000030300000000000008067
:108970000000000000008060000000000000804057
:108980002010080000010204081020004040404070
:1089900040404000040404040404040000081020C3
:1089A0004080000000201008040201000070480808
:1089B0000808F0000000003036010000C030C82870
:1089C000E810E0000718272423140B000000C0382B
:1089D000E0000000203C23020227382008F88888A5
:1089E00088700000203F202020110E00C0300808B1
:1089F00008083800071820202010080008F8080888
:108A00000810E000203F202020100F0008F8888880
:108A1000E8081000203F20202320180008F888884C
:108A2000E8081000203F200003000000C0300808C4
:108A30000838000007182020221E020008F808004D
:108A40000008F808203F210101213F20000808F814
:108A5000080800000020203F202000000000080837
:108A6000F8080800C08080807F00000008F888C0F7
:108A700028180800203F20012638200008F80800A8
:108A800000000000203F20202020300008F8F800DF
:108A9000F8F80800203F003F003F200008F830C0F1
:108AA0000008F808203F200007183F00E0100808E1
:108AB0000810E0000F10202020100F0008F8080810
:108AC0000808F000203F210101010000E010080823
:108AD0000810E0000F18242438504F0008F8888848
:108AE00088887000203F2000030C30200070880828
:108AF000080838000038202121221C00180808F836
:108B0000080818000000203F2000000008F80800B6
:108B10000008F808001F202020201F000878880087
:108B200000C83808000007380E010000F80800F8F7
:108B30000008F800033C0700073C030008186880A1
:108B40008068180820302C03032C30200838C80017
:108B5000C83808000000203F200000001008080866
:108B6000C83808002038262120201800000000FE08
:108B7000020202000000007F40404000000C30C0B4
:108B800000000000000000010638C00000020202E0
:108B9000FE000000004040407F0000000000040292
:108BA00002020400000000000000000000000000BD
:108BB00000000000808080808080808000020204AD
:108BC00000000000000000000000000000008080A5
:108BD000808000000019242222223F2008F8008013
:108BE00080000000003F112020110E0000000080D6
:108BF00080800000000E1120202011000000008065
:108C00008088F800000E112020103F200000808096
:108C100080800000001F222222221300008080F0AA
:108C2000888888180020203F2020000000008080D5
:108C300080808000006B94949493600008F800801A
:108C400080800000203F210000203F200080989875
:108C5000000000000020203F2020000000000080D5
:108C60009898000000C08080807F000008F8000015
:108C700080808000203F24022D302000000808F86A
:108C8000000000000020203F202000008080808025
:108C900080808000203F20003F20003F80800080B7
:108CA00080800000203F210000203F2000008080C5
:108CB00080800000001F202020201F008080008076
:108CC0008000000080FFA12020110E000000008025
:108CD00080808000000E112020A0FF808080800016
:108CE0008080800020203F21200001000000808043
:108CF000808080000033242424241900008080E038
:108D0000808000000000001F202000008080000004
:108D100000808000001F202020103F2080808000E5
:108D20000080808000010E300806010080800080F5
:108D3000008080800F300C030C300F00008080001A
:108D4000808080000020312E0E3120008080800045
:108D50000080808080818E701806010000808080F5
:108D6000808080000021302C222130000000000093
:108D7000807C020200000000003F40400000000034
:108D8000FF00000000000000FF0000000002027C65
:108D9000800000000040403F00000000000601018C
:108DA00002020404000000000000000002030405A9
:108DB000060708090A0B0C0D0E0F10100102000027
:108DC000000000000000010203040607080900007B
:108DD0000000010203040000000000000000F03F5A
:108DE000000000000000F83F00000000000000004C
:108DF0000000004003B8E23F000000000000000057
:108E000006D0CF43EBFD4C3E033333333333E33FE4
:108E1000FFAB6FDBB66DDB3F4D268F515555D53F10
:108E200001411DA96074D13F65DBC9934A86CD3FDE
:108E3000EF4E454A287ECA3F3E5555555555C53FCC
:108E400093BDBE166CC166BF2CDE25AF6A56113FBE
:108E5000F16BD2C541BDBBBED0A4BE726937663EC0
:108E60000000000000000000004040404040404042
:108E700040404141414141404040404040404040ED
:108E80004040404040404040400502020202020291
:108E900002020202020202020220202020202020E0
:108EA00020202002020202020202909090909090F4
:108EB00010101010101010101010101010101010B2
:108EC0001010101002020202020288888888888826
:108ED0000808080808080808080808080808080812
:108EE000080808080202020240000000698E00081B
:108EF000108F000800000020F03C0000440A000829
:108F0000B0A10008F03C0020C0090000DC5F0008B0
:108F10001004108C84012385F606E00584940C006F
:108F200001F01020201008040201FF0102040810C3
:108F3000202020F0101010D0FF9010E42464A43FF3
:108F4000A46424E420F010040300FF0001FF0009E2
:108F5000097F0949807F20000F100000FF888848A2
:108F600048007F88848482E01E1005040405040103
:108F700043FF0401F13E000E11404042CC0040A0EE
:108F80009E8282829EA0A01123000E303F908840D6
:108F9000432C1028464180800001031A58381E00D7
:108FA0001010101010FF1090003F484844444442F5
:108FB00070C0100544827F01E52249010212FF6062
:108FC000537E920107139E8000040A1304040C349C
:108FD000040444847F0000101020A4A4A4FFA4B4BF
:108FE0002884708F0808F80880040E110A49887ECA
:108FF0000504844020130C33400012FC9D000B102C
:109000000002E22222FE2222E202201008874030E3
:109010000F00001FC304041008100F5D041011207E
:109020001808EAACA8A8AFA8A8ACEA0828187F13CB
:109030003E0201040713FF020212221E60000C11FF
:10904000FE025292121292720202FE1E100A8060FA
:109050001F0010080502055B0404103F40F80004DF
:109060000E10908CE78C9404946847444C54C420B0
:10907000040F101030100F080801202214488440FB
:109080003FC01807080889EA1888671AFC660610A6
:10909000FC80000D12020100FF01864020180740ED
:1090A00080400810101010F01F10F00040E05847EA
:1090B000405060C0A010062215081621E612420199
:1090C0000114E12FF80706032E40690301108029DF
:1090D0003C1E008103233F4001061178403BF01005
:1090E0008411050A13F0A27E0F40030A130FC01D5E
:1090F000C003180414E4AF470311AFE4803DC0037C
:10910000080A10894B2A1A0E1A2A4B8840100B2085
:109110002020FF2020080808FF0405109F35800C40
:109120000C14884821110D030D11214181C0031C2D
:10913000070444645C47F441030111811C0540208D
:109140001F205B03200444447F060D1480030C0B96
:109150001450445465C644645444408003080A11C2
:1091600082824A562322524E82E018040202C2A092
:109170001EFE40040212821F1575527F0421010D4C
:109180004F000321FF100700445454547F04011181
:10919000C00C0D1200007F201000FF15151555950D
:1091A0003E05200A08042322262A22FA24070E104C
:1091B00002C003100C010909091969090949897DCF
:1091C0000A061101A10C0E1388C433404848487F99
:1091D00048C84848400003040B1300020A32024208
:1091E000827F02024000091302028242F20E428292
:1091F0001F3D3E062D6304118B0E10025F06158085
:109200003006F29292FE92040211F25F040D1200F7
:109210000282929A566322324A4642BF040F1100DC
:10922000FC2024A8FFA82400FC4444C442401C089D
:109230003F2221202F20A347040E12007F051E800D
:10924000390645FD29030D1120053E800005021455
:10925000003E2D410513F888011DC5060C04138836
:1092600088F840061E1F190323087F200F109F80D7
:10927000A2031C051060028C0305040711F2525A68
:10928000565252010C101404047E41300F20134931
:10929000817F0109132000070C0B14082848890E50
:1092A000C8380808004003080911504844424142A8
:1092B0004458C01D00032C06F2121212F2040305DA
:1092C00013E04D41040C04130F0040BD071C0A00BD
:1092D00008CC4A49484ACC18C1070E1388C1071C5C
:1092E00006FF12125292F80702147E20300920184D
:1092F0000AAAAAAA0AFE060D114003080E130202CA
:10930000FA0A0A7A0E0A7A0A4A8A7A80093D403DA8
:1093100082062DA3060D127E0635FF4F0C0347086B
:109320000D1380051C0A2424A4FE232200C0382724
:10933000050C041008106060061E063C0950080663
:1093400081804040271049CD40072C06102CE7248F
:1093500024C5050E13FFC1053C090101017F211140
:10936000000743070E110740041C06504E4848FFF3
:10937000C0032D1C070D1360081D80042EFF7C0404
:1093800006130FC24DC0090C091500FC24E4242269
:1093900023E200060C0A1083601F80412618264134
:1093A00000060C0F108084444424140CFF0C142479
:1093B000444484200629FD1D7D042005790D0B09F8
:1093C0000B0D1200084692BE11050D1220051C055A
:1093D0003801003C25060408104C40407005083058
:1093E000FF1DBA083E22BD080E1422C0081D7A04D3
:1093F00010050912007F050914C22D1D071D7F05E8
:109400000C04125454FF5F090C11120011118985CC
:10941000939191FD91919385891111C0063DDA07D1
:1094200031060D12600335A50D143C034D3F041F9A
:109430000C0BB9090C041440308F40071004007F56
:10944000210125B90E1343800841800317C24280D1
:109450001C062070282423A6070C04112428305F42
:109460000A2D00073F1262FC030F124232DF054251
:10947000010152FF080111DC1EE05E041E439C083E
:109480000E1248FF0835E1419D0D13FE08100C0037
:10949000109453321E325210007EC702137E404D8C
:1094A0003C0B0D153E0B0D3E80042B1090FFFC0A6B
:1094B000905234107F1034529060071DBF031E007D
:1094C00040080E165A40081004100C24012325E60B
:1094D000061D08030D131F075D3C070E120221072E
:1094E0002F8090810D3FF5867F0D0E128C80060C2B
:1094F0000A12808446492810102C23BE0B2D3F0BE6
:10950000180422DA06421F898E63060D1160031DBE
:10951000B70B3E08C40B0D14C00A0C0D110000223D
:10952000322AA6A262211109811E0808101100002A
:109530004222130B42827E02020A1223465F000F70
:109540001030AC63300088C8A8998E88A8C8885E9F
:109550004C056722121244071D41050A1271021FB1
:109560001116450B0C06111010141310DE0A6C05B1
:10957000818141413E0A0F104181400A1C0A00F8D6
:109580000122202222A2FA01040D13410C1D97058D
:109590000C0615040211201F86030D4000082D7AC9
:1095A000082C04444546A30A0E127CBF0A33180750
:1095B000222DC30A0D12600C1DF80827FE020506B5
:1095C00013F0011E103F081C06FF04814131410BBE
:1095D0000E1131400B290040044282720505130030
:1095E0001E108306220E050E144EC2070D3C400CC1
:1095F0000D1E00051F8080D90C1D42070C061103AB
:109600000C102040800F3C0520104C477F050C04B7
:10961000125454D48005AD88080F11304021071E24
:10962000FC3F032EFC070C3D050D0D11000A1D1912
:109630000D1D38050F150106C1086C06F80106005E
:10964000F002090913401DC3090805141111111F67
:10965000404D000D0C071280F88040FF20C0074DE0
:10966000800E29FC0C06155F42444378400D2E0005
:10967000BD070D125F0C4DC00E2E48840C0E137FDB
:10968000800C2D80100C0B119020984828090E2872
:1096900048A840094C0442817F25062D61050E4FE4
:1096A0004040082C0480809EBB101C06E0809EB2C7
:1096B000D2C2100D11600F0C0C11F4949292F100B3
:1096C00001F2929494A0100C101112EAAFAAEA0FC2
:1096D000FA02888C5724548C849F0A1005EAAAAA9F
:1096E000AB0211010E11EA40055D80112DC30B0C78
:1096F000051792A29E0080111E8002120C04152CE8
:109700004380C0122680401D460B0E1588C01252A1
:10971000803F0D1120041C0B020CE04020F84F4844
:1097200049FE85090D1180112E04BC071EFF9D08FE
:109730001E3FA3080E4F20000A42200152FF080DD1
:109740001580030F16136080034D40062E00FE1097
:109750000D1300113D400620050700FF41010E508A
:10976000FF80070C0E120000181610D0B8979090CA
:109770009092940106040C1320108C83804146289B
:10978000102844800D3D800D1D800343BEAA0106B4
:1097900012BE4019E11AAF7B12FF200E33AF3F1407
:1097A0000C041A0036365E143D20052C040824C330
:1097B0005E150513A06D620F0C0417221A067E06B3
:1097C0001DC4133D010B0E15FEBE0D1E8F00083D7E
:1097D00086080D90C0054D000F4D01150112BF1DEB
:1097E000000F2C050144485000051DC60E0D122027
:1097F000111EFC80092005FC252624080D112016C9
:10980000080D13308F80844C55252525554C8040FC
:109810001EFE9A110C0514C202C232010E2D8014D4
:109820002501230C30C00D11E1120C0A15F80808AF
:109830000CCA494848C8C00B5AFF830D1540060D95
:109840003EC0114D80093DC10B0C0514625AC60083
:10985000800925050D1500054D80142D45070C04C4
:1098600011FE828300114DBC111D9E1404041200D0
:10987000418E002D37040C0813F49495969494F4BB
:10988000A0162D5D0F237A4A010C04117A0282A0E2
:10989000083D001159010916001E401C0C2E7EC007
:1098A000060F4F7E40C0151DE20F2C060000E0029F
:1098B000043A070D121F173DB50F6D7D150B4F01B3
:1098C0000E000C1012403010929C90909F90909837
:1098D00096105030C0051C0447241CC4030C05120C
:1098E0007C84878021181D790D1C0648C809FAC49C
:1098F000AA100E1120FF082DC0191F0641FA0A0EEA
:109900001403C0190D3EC0132D36171D401A3DC05B
:109910000C0E1284A0191D3E196DC00F0E1104C04B
:109920000F2D7A064EFCC6040F12C243C0131DC091
:10993000042E0F05180D159E08053E403D80161F8C
:10994000002044040C0513FE222322401A2D811509
:109950001DBF170E1443C0170C07173E22E2223E0C
:1099600000C0101C04203F203E0A1DDD09000751E5
:10997000230C14224140C01DBC154DC2091D041208
:109980000D11800B1C0540201E203D053D820C0D55
:1099900012C0163DC00D4E8080050D11E0053D4002
:1099A000042E003E190C06137F04081422010B102C
:1099B00006A06000FF60690D12FE19297F2E017A52
:1099C0000D3D411C0D10A00B2E40FC164DFE160D3A
:1099D0001500173DFD160D16FF162D00197D9D155E
:1099E0000D14C00C2E3F200931050D13FF111EE48C
:1099F0003B062FE404C60B0F12E22CE01C1E4BFCAE
:109A00000E2C060B90601C03C00E0A1370205DA084
:109A1000100D135E0D1C058141211DF81823FF89CF
:109A2000010D11C00E2DA0091D41111EC3E4060D2C
:109A30001360071D3B030C0A144A7242427F4242E4
:109A4000625A6012053C005D80140917C05D8014E5
:109A50000917C0013E802D401117A464840F132400
:109A6000A440111D5812355C15600A124BE02D8080
:109A7000070C07170808887F880880054D82180C96
:109A8000041501024C86131DC2071DFD0B0D157F29
:109A9000132D01085D04130E1101BF153C060000D3
:109AA000C0301FB9150F13FF20A0113C05814021C4
:109AB0001241162D08080D1100161F100C3F151C21
:109AC00006040506040441150D1140121D61142DF4
:109AD0007A0B2E7F800B0112FF3D401A3FFE82421F
:109AE000150D1260072D010F1C05887F001EE20E68
:109AF0000E135E80060D3E401F10081715D55557F2
:109B0000557D040C0414D51517401B4255010E1346
:109B10007FE10E5D00060C07140416650484FCC08A
:109B20000A10050F001013C00405145292423E00A3
:109B30000C0615FC5655FC80001015001C062A1357
:109B40004A867F401503527F00012D010A0B170A38
:109B500009405D3B0D0D153F0D0D3F800B1C0A04A8
:109B60000484E41C0405C63C3F030E11E420203DA0
:109B7000C01B1F8281400D061429C01DBE070C0AA0
:109B800012FC10E82427E424342C9F0D1D40111CE6
:109B9000083F8043320E033E0307021470408DC11C
:109BA0001C0114400E1800C11C1D9E0C2C0584E4E1
:109BB0003C2745150E12E4E0202D7E081EFFC41C34
:109BC0001D010B0D14BE030D3E00121D02190C08E1
:109BD0001498A44744A4540CBE0C1C0881898944E1
:109BE000444A3120150C045005030080170D24C091
:109BF0000F0D18800D1D40073F6546FB1E4DC90F18
:109C00000D1160222D1A196E7EC90F0D1500104D11
:109C100040190D1340142C05081088473F0E0D14F1
:109C2000400E5D80160C0518C8B88FE880165F07D7
:109C30000821200E4F08C0190D1E401C0D1E601A71
:109C4000017EC01D40121EC04514000711E000FF38
:109C500070A0107F5C0502027F00C20B0C04100193
:109C6000060840091C0A100C0555D555057F0565E9
:109C7000050E12054006100504027D95010C061420
:109C80009D91A19F80A0195EE0E6140D13C1061EF0
:109C90000801137D3A170D11000D053F000D3D80A1
:109CA000160D3E40031D61083F5FF59F060F12F53C
:109CB0005F80150C1010090985452B51817D01111C
:109CC0002B4585090920222E3CB9136D41210D1128
:109CD00040211F06023C1B1D42213E124121091258
:109CE000000809148060088868180FE8601C0902E1
:109CF0007E010020110D4100200F110509400D1EAD
:109D000008B7143D7E230F1248285F1D0D1E401911
:109D100029400A1A55405F0041DF0A0D14BF261D75
:109D2000C00F19C10C091294A48494A282A31AC072
:109D30000F2F7C03E5051F448486260D1220102575
:109D40009F1D640D1DAA260D123F1F1DE00C8DFDE9
:109D5000230E154400171D00160C091442E2524A46
:109D6000C64240C000241D44140C0512432018476D
:109D7000411D2DFA262F3E00C5161D48200D11C08D
:109D8000164008004382423E4047830F1454E7C008
:109D9000212C0480601826110E118800202DC0107F
:109DA0002DC50F0F134023FF1F053F00093EC0398B
:109DB000000E18D540041D57261C098AA96B3525AD
:109DC00025ABE9BF0D0D10C00D1C0A504CA535D5B3
:109DD0009545DF4586040F1045D4C00B1C09424A47
:109DE00029A5927C0057FF090C0411555557000A0C
:109DF0001C05FE42826218121EFE65150D131F27F8
:109E00000C0F4F7F0403041F2042534A424A53421F
:109E100060C0131D3C0C1D3E210C0514000848FFBA
:109E2000BF131C078165080720C0A6130C0611C0CC
:109E3000030023C401293008C444445F4444DF06BE
:109E40000F1244C040132D01263EFFFF250D136164
:109E50001D0D3D8014093E005DFE1B1EF0821C0698
:109E600011D0E02DD70F1C06064120103F42240DD3
:109E70001380281E40FE230C081148784F4848CC18
:109E80004A3F261DC02A4C0402017E9D190F1381F2
:109E9000F22116053D002D7F042DE3181F23CC4130
:109EA000170E134040072D46150C05121121D10D38
:109EB000C009093E007C0480808800260E1288209C
:109EC000170D1D402D1C0420180FB72B3E08080D40
:109ED0000D12802A4DFA1D6F7101C80A0D4FBF0C7B
:109EE0005C05088848287D060D1340261E20F90AC7
:109EF0002D7D061D7E060E11111F191C0404E4247D
:109F0000FC2D1F243FC50F2D810C0D13801F1DBE7E
:109F10000B1E7FC20B0E124800175E027B2C4D7F7A
:109F20002C0D12E1274EFF5F220C0413434444DF43
:109F3000243DFE076D412B0D11FF221F6020190EDD
:109F40005DBF250D13402B093D80053E800D3D80F2
:109F50002A1DC0042FC83843240614E8C12D3F0D24
:109F60009D42100D8F802B1D001A2ECCA4141D6055
:109F70000C02123EE02D001A0C0A138080834D5112
:109F800021514987000F0D3C400E4D401E2D851F6D
:109F90000C051610119610401E2D3E2F1DBF150DDD
:109FA00011FF192F426279080C05145262C2004059
:109FB0001F1E4020061E7F1C240E1520401F0D7FF3
:109FC000002D4DC02A2D420A0C0514090AC808802C
:109FD0002F1C07201F8040211600280D1240072D3E
:109FE000BF044E0842220D1400211E1F63040C05FD
:109FF00016300E0140C0260D7C002E6C0440301E31
:10A00000402F0D1580242D7F244E01BF2E0D13806F
:10A01000233C08FA02FE4020D817C5240D10C0309A
:10A020001D3C0F2710673F1D07300B914080003DFE
:10A03000BA261EFCA1200F1323229F042D5B0B1EAA
:10A0400046FD1819E406500240057F000D7E402EA3
:10A050001DD42A5EFFC2210C0413222C2040091EAD
:10A06000FF84260C05130E010618A10F1C0804849A
:10A07000844424548F7F2B1D801B0D11BE0D9E39EF
:10A08000801B0F4F0931C0200D3E3E150D7E8032E2
:10A090005D40240C0816C05E5252525EC000062E6F
:10A0A0008042210C04161020CF00263DC6140E124B
:10A0B0001C001D3C0708180807041443371D00182E
:10A0C0000E4F0CC0273D80290C0713201018A74401
:10A0D000A4BE0F3D00202C040402FDA4280E13FD95
:10A0E00060092EC0A3172D441C0E12C840101C047A
:10A0F0008040379B182264030F110710DF231B8059
:10A1000070BF3E103D240D13A0371D1B0F2E07B747
:10A110002D0D167E152D402F0C0615A3220022CCE6
:10A12000BE2E2D402F3F00019E240F17FF02002658
:10A130005E08830B0E140800051D451F3DC1180F56
:10A140004F8180C0230DFEC0070D7E40070D7E802D
:10A150000D2C064030EF2464FD1331040D10403502
:10A160005D3F1D0D1740133DC01A3D44290D147F5E
:10A17000122D00361E94E2053F140FE2050D4FBE6E
:10A180001A001D7EAE001040B081FFA1A6A83FC8F6
:10A19000D300D580D805D9F1DA12D8308D14AF00AC
:10A1A000010E3E0A5C064D80111D652A727ACB00B5
:0400000508000131BD
:00000001FF
